{
  "status": 1,
  "message": [
    "success"
  ],
  "messageCode": [
    "success",
    "free_sim_active"
  ],
  "data": {
    "package": {
      "packageName": "Faster Fibre",
      "packageId": 292,
      "packageCode": "faster",
      "monthlyCharge": 30,
      "hasPromo": false,
      "monthlyChargeWithPromo": 30,
      "promotionLength": 0,
      "promoCode": null,
      "minimumGuaranteedSpeed": "0",
      "downloadSpeedLowerRange": "39",
      "downloadSpeedUpperRange": "40",
      "uploadSpeed": "40",
      "contract": [
        {
          "contractLength": 12,
          "propositionId": 22441,
          "hasPromo": true,
          "monthlyChargeWithPromo": 27,
          "promotionLength": 12,
          "promoCode": "&pound;2.5off",
          "selectedStatus": false,
          "isBestOffer": false
        },
        {
          "contractLength": 18,
            "propositionId": 22443,
          "hasPromo": false,
          "monthlyChargeWithPromo": 25.5,
          "promotionLength": 18,
          "promoCode": "&pound;2.5off",
          "selectedStatus": false,
            "isBestOffer": false
        },
        {
          "contractLength": 24,
            "propositionId": 22448,
          "hasPromo": true,
          "monthlyChargeWithPromo": 22.5,
          "promotionLength": 24,
          "promoCode": "&pound;2.5off",
          "selectedStatus": true,
            "isBestOffer": true
        }
      ]
    },
    "boost": {
      "10143": {
        "propositionId": 10143,
        "name": "Regular directory listing",
        "monthlyCharge": 0,
        "hasPromo": false,
        "promoDiscount": 0,
        "monthlyChargeWithPromo": 0,
        "promotionLength": 0,
        "promoCode": null,
        "type": "directorylisting",
        "selectedStatus": false,
        "displayInBasket": true,
        "isEditable": true,
        "multiPromoFlag": false,
        "isMapped": false
      },
      "10144": {
        "propositionId": 10144,
        "name": "Ex-directory listing",
        "monthlyCharge": 0,
        "hasPromo": false,
        "promoDiscount": 0,
        "monthlyChargeWithPromo": 0,
        "promotionLength": 0,
        "promoCode": null,
        "type": "directorylisting",
        "selectedStatus": true,
        "displayInBasket": true,
        "isEditable": true,
        "multiPromoFlag": false,
        "isMapped": true
      },
      "10148": {
        "propositionId": 10148,
        "name": "Withhold your number",
        "monthlyCharge": 0,
        "hasPromo": false,
        "promoDiscount": 0,
        "monthlyChargeWithPromo": 0,
        "promotionLength": 0,
        "promoCode": null,
        "type": "privacyfeature",
        "selectedStatus": false,
        "displayInBasket": true,
        "isEditable": true,
        "multiPromoFlag": false,
        "isMapped": false
      },
      "10234": {
        "propositionId": 10234,
        "name": "Voicemail",
        "monthlyCharge": 0,
        "hasPromo": false,
        "promoDiscount": 0,
        "monthlyChargeWithPromo": 0,
        "promotionLength": 0,
        "promoCode": null,
        "type": "voicemail",
        "shortDescription": "TalkTalk standard greeting (FREE)",
        "selectedStatus": false,
        "displayInBasket": true,
        "isEditable": true,
        "multiPromoFlag": false,
        "isMapped": false
      },
      "10235": {
        "propositionId": 10235,
        "name": "noneThanks",
        "monthlyCharge": 0,
        "hasPromo": false,
        "promoDiscount": 0,
        "monthlyChargeWithPromo": 0,
        "promotionLength": 0,
        "promoCode": null,
        "type": "voicemail",
        "shortDescription": "None, thanks (FREE)",
        "selectedStatus": true,
        "displayInBasket": true,
        "isEditable": true,
        "multiPromoFlag": false,
        "isMapped": true
      },
      "10237": {
        "propositionId": 10237,
        "name": "Anonymous Caller Reject",
        "monthlyCharge": 0,
        "hasPromo": false,
        "promoDiscount": 0,
        "monthlyChargeWithPromo": 0,
        "promotionLength": 0,
        "promoCode": null,
        "type": "privacyfeature",
        "selectedStatus": false,
        "displayInBasket": true,
        "isEditable": true,
        "multiPromoFlag": false,
        "isMapped": false
      },
      "10238": {
        "propositionId": 10238,
        "name": "Call Divert",
        "monthlyCharge": 0,
        "hasPromo": false,
        "promoDiscount": 0,
        "monthlyChargeWithPromo": 0,
        "promotionLength": 0,
        "promoCode": null,
        "type": "selectservice",
        "selectedStatus": false,
        "displayInBasket": true,
        "isEditable": true,
        "multiPromoFlag": false,
        "isMapped": false
      },
      "10239": {
        "propositionId": 10239,
        "name": "Call Waiting",
        "monthlyCharge": 0,
        "hasPromo": false,
        "promoDiscount": 0,
        "monthlyChargeWithPromo": 0,
        "promotionLength": 0,
        "promoCode": null,
        "type": "selectservice",
        "selectedStatus": false,
        "displayInBasket": true,
        "isEditable": true,
        "multiPromoFlag": false,
        "isMapped": false
      },
      "10241": {
        "propositionId": 10241,
        "name": "Last Caller Barring",
        "monthlyCharge": 0,
        "hasPromo": false,
        "promoDiscount": 0,
        "monthlyChargeWithPromo": 0,
        "promotionLength": 0,
        "promoCode": null,
        "type": "privacyfeature",
        "selectedStatus": false,
        "displayInBasket": true,
        "isEditable": true,
        "multiPromoFlag": false,
        "isMapped": false
      },
      "10242": {
        "propositionId": 10242,
        "name": "Reminder Call",
        "monthlyCharge": 0,
        "hasPromo": false,
        "promoDiscount": 0,
        "monthlyChargeWithPromo": 0,
        "promotionLength": 0,
        "promoCode": null,
        "type": "selectservice",
        "selectedStatus": false,
        "displayInBasket": true,
        "isEditable": true,
        "multiPromoFlag": false,
        "isMapped": false
      },
      "10243": {
        "propositionId": 10243,
        "name": "Ring Back",
        "monthlyCharge": 0,
        "hasPromo": false,
        "promoDiscount": 0,
        "monthlyChargeWithPromo": 0,
        "promotionLength": 0,
        "promoCode": null,
        "type": "selectservice",
        "selectedStatus": false,
        "displayInBasket": true,
        "isEditable": true,
        "multiPromoFlag": false,
        "isMapped": false
      },
      "10244": {
        "propositionId": 10244,
        "name": "Three Way Calling",
        "monthlyCharge": 0,
        "hasPromo": false,
        "promoDiscount": 0,
        "monthlyChargeWithPromo": 0,
        "promotionLength": 0,
        "promoCode": null,
        "type": "selectservice",
        "selectedStatus": false,
        "displayInBasket": true,
        "isEditable": true,
        "multiPromoFlag": false,
        "isMapped": false
      },
      "10609": {
        "propositionId": 10609,
        "name": "SuperSafe Boost (8 devices)",
        "monthlyCharge": 2,
        "hasPromo": false,
        "promoDiscount": 0,
        "monthlyChargeWithPromo": 2,
        "promotionLength": 0,
        "promoCode": null,
        "type": "callboost",
        "selectedStatus": false,
        "displayInBasket": true,
        "isEditable": true,
        "multiPromoFlag": false,
        "description": [
          "Protection for up to 8 devices"
        ],
        "features": [
          "Online Banking Protection – lets you know when it’s safe to bank online by providing an additional layer of protection",
          "Anti-virus Protection – Detects, blocks and removes viruses to minimise threats to your device’s operation",
          "Identity Protection – protects your passwords and private data when surfing the web",
          "Multi-device -  protects your mobiles, tablets and computers, both in and out of the home",
          "Parental controls - allows you to remotely manage devices so you can even control what your kids have access to online"
        ],
        "channels": [
          ""
        ],
        "category": "Calls and Broadband",
        "subCategory": "security",
        "isMapped": false
      },
      "10616": {
        "propositionId": 10616,
        "name": "Anytime UK Calls Boost",
        "monthlyCharge": 7.5,
        "hasPromo": true,
        "promoDiscount": 2.5,
        "monthlyChargeWithPromo": 5,
        "promotionLength": 6,
        "promoCode": "&pound;2.5off",
        "type": "callboost",
        "selectedStatus": false,
        "displayInBasket": true,
        "isEditable": true,
        "multiPromoFlag": false,
        "description": [
          "<ul class=tick ultype5>        \n\t<li>Unlimited calls to UK mobiles and landlines 24 hours a day, 7 days a week</li>         \n\t<li>Dip in and out one month at a time - no long term commitment</li>\n</ul>"
        ],
        "features": [
          "Make unlimited calls to UK mobiles and landlines",
          "Call anytime of the day, on weekdays or over the weekend",
          "Cheaper than BT, Sky & Virgin<sup>*</sup>",
          "No long term commitment –  you can add or remove when it suits you"
        ],
        "channels": [
          ""
        ],
        "category": "Calls and Broadband",
        "subCategory": "unlimited_uk",
        "isMapped": false
      },
      "10726":{
          "propositionId":10726,
          "name":"Asian TV",
          "monthlyCharge":10,
          "hasPromo":false,
          "promoDiscount":0,
          "monthlyChargeWithPromo":10,
          "promotionLength":0,
          "promoCode":null,
          "type":"tvboost",
          "selectedStatus":false,
          "isEditable":true,
          "multiPromoFlag":false,
          "description":[
              "The best of Bollywood blockbusters and TV ."
          ],
          "shortDescription":"Bollywood blockbusters & TV channels",
          "features":[
              "The best of Bollywood blockbusters and TV channels",
              "Channels \ninclude Zee TV and Sony TV Asia",
              "No long-term commitment&#32;&#45;&#32;keep as long as you want, remove at any time"
          ],
          "channels":null,
          "category":"World boosts",
          "subCategory":"asian"
      },
      "10735":{
          "propositionId":10735,
          "name":"Sky Cinema",
          "monthlyCharge":15,
          "hasPromo":true,
          "promoDiscount":7.5,
          "monthlyChargeWithPromo":7.5,
          "promotionLength":6,
          "promoCode":"Half price",
          "type":"tvboost",
          "selectedStatus":false,
          "isEditable":true,
          "multiPromoFlag":false,
          "description":[
              "Our biggest ever line-up of on-demand movies brings you a new on-demand title every single day"
          ],
          "shortDescription":"Over 1,200 movies to watch on demand",
          "features":[
              "Over 1200 movies to watch on demand, from 11 Sky Movies channels",
              "A \nbrand new premiere every day",
              "More blockbusters closer to cinema release than any other subscription service",
              "No long-term commitment&#32;&#45;&#32;\nkeep as long as you want, remove at any time"
          ],
          "channels":null,
          "category":"Cinema and Sports boosts",
          "subCategory":"sky_cinema"
      },
      "10741":{
          "propositionId":10741,
          "name":"Sky Sports",
          "monthlyCharge":32,
          "hasPromo":true,
          "promoDiscount":16,
          "monthlyChargeWithPromo":16,
          "promotionLength":6,
          "promoCode":"Half price",
          "type":"tvboost",
          "selectedStatus":false,
          "isEditable":true,
          "multiPromoFlag":false,
          "description":[
              "More Premier League games than ever before, plus golf, rugby, cricket and F1. Now everyone at home gets the sport they love."
          ],
          "shortDescription":"All 6 Sky Sports channels",
          "features":[
              "126 live and exclusive Premier League games&#32;&#45;&#32;more than ever \nbefore",
              "The biggest football season ever&#32;&#45;&#32;over 700 live games,with brand new Friday Night Football and Sky Bet Championship matches",
              "Coverage \nof all 4 major golf championships, plus The Ryder Cup",
              "International rugby and cricket, as well as darts, tennis and every F1 race live",
              "No \nlong-term commitment&#32;&#45;&#32;keep as long as you want, remove at any time"
          ],
          "channels":null,
          "category":"Cinema and Sports boosts",
          "subCategory":"sky_sports"
      },
      "10745":{
          "propositionId":10745,
          "name":"Sky Sports & Sky Cinema",
          "monthlyCharge":42,
          "hasPromo":false,
          "promoDiscount":0,
          "monthlyChargeWithPromo":42,
          "promotionLength":0,
          "promoCode":null,
          "type":"tvboost",
          "selectedStatus":false,
          "isEditable":true,
          "multiPromoFlag":false,
          "description":[
              "The ultimate combo of sports and movies."
          ],
          "shortDescription":"Ultimate combo of sports & movies",
          "features":[
              "Over 1200 movies to watch on demand, across 11 Sky Movies channels",
              "A brand new premiere \nevery day",
              "Original British drama and comedy, as well as the best from the US",
              "126 live and exclusive Premier League games",
              "International rugby \nand cricket plus darts, tennis and every F1 race live",
              "No long-term commitment&#32;&#45;&#32;keep as long as you want, remove \nat any time"
          ],
          "channels":null,
          "category":"Cinema and Sports boosts",
          "subCategory":"sky_bundle"
      },
      "11715": {
        "propositionId": 11715,
        "name": "Caller Display",
        "monthlyCharge": 0,
        "hasPromo": false,
        "promoDiscount": 0,
        "monthlyChargeWithPromo": 0,
        "promotionLength": 0,
        "promoCode": null,
        "type": "privacyfeature",
        "selectedStatus": false,
        "displayInBasket": true,
        "isEditable": true,
        "multiPromoFlag": false,
        "isMapped": false
      },
      "12944":{
          "propositionId":12944,
          "name":"PictureBox",
          "monthlyCharge":5,
          "hasPromo":false,
          "promoDiscount":0,
          "monthlyChargeWithPromo":5,
          "promotionLength":0,
          "promoCode":null,
          "type":"tvboost",
          "selectedStatus":false,
          "isEditable":true,
          "multiPromoFlag":false,
          "description":[
              "Classic on-demand movies and TV boxsets at your fingertips when you fancy"
          ],
          "shortDescription":"On demand movies & TV boxsets",
          "features":[
              "60 classic movies from Universal available to watch any time, with 7 \nnew ones added every week",
              "Over 50 US boxsets including Grimm, House, Heroes and many more",
              "No long-term commitment&#32;&#45;&#32;keep as long as \nyou want, remove at any time"
          ],
          "channels":null,
          "category":"TV on-demand boosts",
          "subCategory":"picturebox"
      },
      "14100":{
          "propositionId":14100,
          "name":"Kids",
          "monthlyCharge":5,
          "hasPromo":true,
          "promoDiscount":2.5,
          "monthlyChargeWithPromo":2.5,
          "promotionLength":24,
          "promoCode":"Half price",
          "type":"tvboost",
          "selectedStatus":false,
          "isEditable":true,
          "multiPromoFlag":false,
          "description":[
              "They'll love these top-rated UK kids channels, with over 200 episodes on demand, and favourites like Peppa Pig and Spongebob Squarepants."
          ],
          "shortDescription":"9 channels including Nick Jnr & Disney Channel",
          "features":[
              "9 of the UK's most popular Kids pay TV channels",
              "Includes Nick Jnr, \nDisney Channel and Boomerang",
              "200+ episodes available to watch on demand",
              "Great value and perfect for school holidays and wet weekends",
              "No long-term \ncommitment&#32;&#45;&#32;keep as long as you want, remove at any time"
          ],
          "channels":null,
          "category":"Entertainment and kids Boosts",
          "subCategory":"kids"
      },
      "14150":{
          "propositionId":14150,
          "name":"TV Starter",
          "monthlyCharge":5,
          "hasPromo":false,
          "promoDiscount":0,
          "monthlyChargeWithPromo":5,
          "promotionLength":0,
          "promoCode":null,
          "type":"tvboost",
          "selectedStatus":false,
          "isEditable":true,
          "multiPromoFlag":false,
          "description":[
              "6 of the most popular entertainment channels from Sky with original British drama, comedy, and US series."
          ],
          "shortDescription":"6 top Sky entertainment channels",
          "features":[
              "6 top Sky Entertainment channels&#32;&#45;&#32;Sky 1, Sky 2, \nSky Living, Sky Arts, Sky Sports News HQ & Real Lives",
              "Over 100 hours of catch-up shows on demand",
              "Original British drama and comedy, as well as \nthe best from the US",
              "No long-term commitment&#32;&#45;&#32;keep as long as you want, remove at any time"
          ],
          "channels":null,
          "category":"Entertainment",
          "subCategory":"tv_starter"
      },
      "20732":{
          "propositionId":20732,
          "name":"BoxNation",
          "monthlyCharge":12,
          "hasPromo":false,
          "promoDiscount":0,
          "monthlyChargeWithPromo":12,
          "promotionLength":0,
          "promoCode":null,
          "type":"tvboost",
          "selectedStatus":false,
          "isEditable":true,
          "multiPromoFlag":false,
          "description":[
              "Britain's only 24\/7 boxing channel."
          ],
          "shortDescription":"Britain's only 24\/7 boxing channel",
          "features":[
              "Get access to live fights and award-winning boxing documentaries",
              "The perfect channel for \nboxing fans",
              "Amazing upcoming fights including the Fury v Klitschko rematch",
              "No long-term commitment&#32;&#45;&#32;keep as \nlong as you want, remove at any time"
          ],
          "channels":null,
          "category":"Sports boosts",
          "subCategory":"boxnation"
      },
      "20872": {
        "propositionId": 20872,
        "name": "SuperSafe Boost (1 device)",
        "monthlyCharge": 0,
        "hasPromo": false,
        "promoDiscount": 0,
        "monthlyChargeWithPromo": 0,
        "promotionLength": 0,
        "promoCode": null,
        "type": "callboost",
        "selectedStatus": true,
        "displayInBasket": true,
        "isEditable": true,
        "multiPromoFlag": false,
        "description": [
          "Protection for 1 device"
        ],
        "features": [
          "Online Banking Protection – lets you know when it’s safe to bank online by providing an additional layer of protection",
          "Anti-virus Protection – Detects, blocks and removes viruses to minimise threats to your device’s operation",
          "Identity Protection – protects your passwords and private data when surfing the web#Parental controls - allows you to remotely manage devices so you can even control what your kids have access to online"
        ],
        "channels": [
          ""
        ],
        "category": "Calls and Broadband",
        "subCategory": "security",
        "isMapped": true
      },
      "20936": {
        "propositionId": 20936,
        "name": "International Saver Boost",
        "monthlyCharge": 2.5,
        "hasPromo": false,
        "promoDiscount": 0,
        "monthlyChargeWithPromo": 2.5,
        "promotionLength": 0,
        "promoCode": null,
        "type": "callboost",
        "selectedStatus": false,
        "displayInBasket": true,
        "isEditable": true,
        "multiPromoFlag": false,
        "description": [
          "<ul class=tick ultype5> <li>Discounts calls to all International Destinations </li></ul>"
        ],
        "features": [
          "Discounted calls to all international destinations",
          "Pay less for international calling with TalkTalk than BT, Sky and Virgin<sup>*</sup>",
          "No long term commitment – you can add or remove when it suits you"
        ],
        "channels": [
          ""
        ],
        "category": "International",
        "subCategory": "saver",
        "isMapped": false
      },
      "20937": {
        "propositionId": 20937,
        "name": "International Extra Boost",
        "monthlyCharge": 5,
        "hasPromo": false,
        "promoDiscount": 0,
        "monthlyChargeWithPromo": 5,
        "promotionLength": 0,
        "promoCode": null,
        "type": "callboost",
        "selectedStatus": false,
        "displayInBasket": true,
        "isEditable": true,
        "multiPromoFlag": false,
        "description": [
          "<ul class=tick ultype5>        \n\t<li>1000 minutes to 50 of the most popular countries landlines.</li><a href='http://help2.talktalk.co.uk/about-international-boosts' > See full list.</a>         \n\t<li>Discounted rates on all non-inclusive countries</li>\n\t<li>Dip in and out a month at a time - no long term commitment.</li>\n</ul>"
        ],
        "features": [
          "1000 inclusive landline minutes to 50 international destinations – <a href=\"#\">see full list</a>",
          "The cheapest way to call internationally vs BT, Sky and Virgin<sup>*</sup>",
          "Less than 1p a minute to inclusive countries",
          "Discounted calls to all non-inclusive international destinations#No long term commitment – you can add or remove when suits you"
        ],
        "channels": [
          ""
        ],
        "category": "International",
        "subCategory": "extra",
        "isMapped": false
      },
      "20938": {
        "propositionId": 20938,
        "name": "International Max Boost",
        "monthlyCharge": 10,
        "hasPromo": false,
        "promoDiscount": 0,
        "monthlyChargeWithPromo": 10,
        "promotionLength": 0,
        "promoCode": null,
        "type": "callboost",
        "selectedStatus": false,
        "displayInBasket": true,
        "isEditable": true,
        "multiPromoFlag": false,
        "description": [
          "<ul class=tick ultype5>        \n\t<li>1000 minutes to 50 of the most popular countries, mobiles and landlines.<a href='http://help2.talktalk.co.uk/about-international-boosts' > See full list.</a></li>         \n\t<li>Discounted rates on all non-inclusive countries</li>\n\t<li>Dip in and out a month at a time - no long term commitment.</li>\t\n</ul>"
        ],
        "features": [
          "1000 inclusive mobile and landline minutes to 50 international destinations – <a href=\"#\">see full list</a>",
          "The cheapest way to call internationally vs BT, Sky and Virgin<sup>*</sup>",
          "More inclusive destinations to mobiles  than BT, Sky and Virgin<sup>*</sup>",
          "Just 1p penny a minute to inclusive countries<sup>*</sup>",
          " Discounted calls to all non-inclusive international destinations",
          "No long term commitment – you can add or remove when suits you"
        ],
        "channels": [
          ""
        ],
        "category": "International",
        "subCategory": "max",
        "isMapped": false
      },
      "30008": {
        "propositionId": 30008,
        "name": "Fibre Speed Boost",
        "monthlyCharge": 5,
        "hasPromo": false,
        "promoDiscount": 0,
        "monthlyChargeWithPromo": 5,
        "promotionLength": 0,
        "promoCode": null,
        "type": "fibreboost",
        "selectedStatus": false,
        "displayInBasket": true,
        "isEditable": true,
        "multiPromoFlag": false,
        "description": [
          "Speed of up to 76Mb download and 20Mb upload"
        ],
        "features": [
          ""
        ],
        "channels": [
          ""
        ],
        "category": "Fibre",
        "subCategory": "large",
        "isMapped": false
      },
      "30009": {
        "propositionId": 30009,
        "name": "Fibre Medium",
        "monthlyCharge": 0,
        "hasPromo": false,
        "promoDiscount": 0,
        "monthlyChargeWithPromo": 0,
        "promotionLength": 0,
        "promoCode": null,
        "type": "fibreboost",
        "selectedStatus": true,
        "displayInBasket": false,
        "isEditable": true,
        "multiPromoFlag": false,
        "description": [
          "Speed of up to 38Mb download and 2Mb upload"
        ],
        "features": [
          ""
        ],
        "channels": [
          ""
        ],
        "category": "Fibre",
        "subCategory": "medium",
        "isMapped": false
      },
      "30010":{
          "propositionId":30010,
          "name":"Entertainment",
          "monthlyCharge":12,
          "hasPromo":true,
          "promoDiscount":4,
          "monthlyChargeWithPromo":8,
          "promotionLength":24,
          "promoCode":"&pound;4off",
          "type":"tvboost",
          "selectedStatus":false,
          "isEditable":true,
          "multiPromoFlag":false,
          "description":[
              "There's something for everyone with UK channels showing the best in comedy, drama and factual entertainment"
          ],
          "shortDescription":"30 channels including Sky 1, Sky Living & Fox",
          "features":[
              "The UK's top rated entertainment channels including Sky 1, \nSky Living, Fox, Gold, National Geographic and many more",
              "Award-winning drama and comedy from the US and UK including The Walking Dead, \nGrey's Anatomy, Modern Family, A League of Their Own and Sherlock",
              "The best in factual entertainment from National Geographic, History, Eden, \nNat Geo Wild and Crime & Investigation",
              "Hundreds of hours on demand in the TalkTalk Player",
              "Includes brand new FilmClub featuring 20 iconic movies \nwith 5 new ones every week",
              "No long-term commitment&#32;&#45;&#32;keep as long as you want, remove at any time"
          ],
          "channels":null,
          "category":"Entertainment and kids Boosts",
          "subCategory":"entertainment_bundle"
      }
    },
    "boostsTotal": 0,
    "simDetails": {
      "FREESIM": {
        "productId": "100002610",
        "simName": "FREE SIM",
        "selectedStatus": false,
        "monthlyCharge": 5,
        "hasPromo": true,
        "monthlyChargeWithPromo": 0,
        "promotionLength": 0,
        "isFreeSim": true,
        "selectedSimSize": "",
        "contractLength": 30,
        "contractType": "DAY",
        "simDescription": ["250Mb data", "200 minutes", "Unlimited texts"]
      }
    },
    "monthlyTotal": 30,
    "monthlyTotalAfterPromo": null,
    "oneOff": {
      "20565": {
        "displayInBasket": true,
        "propositionId": 20565,
        "oneOffName": "Powerline",
        "oneOffCharge": 17.5,
        "oneOffChargeWithPromo": 17.5,
        "type": "powerlineadaptor",
        "selectedStatus": false
      },
      "20756": {
        "displayInBasket": true,
        "propositionId": 20756,
        "oneOffName": "Engineer TV Install",
        "oneOffCharge": 0,
        "oneOffChargeWithPromo": 0,
        "type": "Appointment",
        "selectedStatus": false
      },
      "30040": {
        "displayInBasket": true,
        "propositionId": 30040,
        "oneOffName": "Setup Fee",
        "oneOffCharge": 50,
        "oneOffChargeWithPromo": 50,
        "type": "connection charge",
        "selectedStatus": true
      },
      "30051": {
        "displayInBasket": true,
        "propositionId": 30051,
        "oneOffName": "Fibre Broadband Activation",
        "oneOffCharge": 0,
        "oneOffChargeWithPromo": 0,
        "type": "Appointment",
        "selectedStatus": true
      },
      "30053": {
        "displayInBasket": true,
        "propositionId": 30053,
        "oneOffName": "TV Lite Box",
        "oneOffCharge": 25,
        "oneOffChargeWithPromo": 25,
        "type": "tvbox",
        "selectedStatus": true
      },
      "30065": {
        "displayInBasket": true,
        "propositionId": 30065,
        "oneOffName": "TV Plus Box",
        "oneOffCharge": 40,
        "oneOffChargeWithPromo": 30,
        "type": "tvbox",
        "selectedStatus": false
      }
    },
    "oneOffTotal": 50,
    "voucherValue": 50,
    "steps": {
      "availabilityCheck": false,
      "personalDetails": false,
      "installation": false,
      "payment": false,
      "isInstallationRequired": true,
      "isCreditCheckRequired": false
    }
  }
}
