{
	"status": 1,
	"message": [
		"success"
	],
	"messageCode": [
		"success"
	],
	"data": {
		"package": {
			"packageName": "Faster Fibre",
			"packageId": 292,
			"packageCode": "nlfaster",
			"monthlyCharge": 33.5,
			"contract": [
				{
					"propositionId": 30132,
					"contractLength": 24,
					"hasPromo": false,
					"monthlyChargeWithPromo": 33.5,
					"promotionLength": 24,
					"promoCode": "",
					"selectedStatus": false,
					"isBestOffer": false
				},
				{
					"propositionId": 30007,
					"contractLength": 18,
					"hasPromo": true,
					"monthlyChargeWithPromo": 26.5,
					"promotionLength": 18,
					"promoCode": "&pound;7off",
					"selectedStatus": true,
					"isBestOffer": true
				},
				{
					"propositionId": 30130,
					"contractLength": 12,
					"hasPromo": false,
					"monthlyChargeWithPromo": 33.5,
					"promotionLength": 12,
					"promoCode": "",
					"selectedStatus": false,
					"isBestOffer": false
				}
			],
			"minimumGuaranteedSpeed": "74",
			"downloadSpeedLowerRange": "79",
			"downloadSpeedUpperRange": "80",
			"downloadSpeed50th": "79.5",
			"uploadSpeedLowerRange": "19",
			"uploadSpeed": "20"
		},
		"boost": {
			"10143": {
				"propositionId": 10143,
				"name": "Regular directory listing",
				"monthlyCharge": 0,
				"hasPromo": false,
				"promoDiscount": 0,
				"monthlyChargeWithPromo": 0,
				"promotionLength": 0,
				"promoCode": null,
				"type": "directorylisting",
				"selectedStatus": false,
				"displayInBasket": false,
				"isEditable": true,
				"multiPromoFlag": false,
				"description": [
					""
				],
				"shortDescription": "",
				"features": [],
				"channels": null,
				"category": "Directory",
				"subCategory": "regular_listing"
			},
			"10144": {
				"propositionId": 10144,
				"name": "Ex-directory listing",
				"monthlyCharge": 0,
				"hasPromo": false,
				"promoDiscount": 0,
				"monthlyChargeWithPromo": 0,
				"promotionLength": 0,
				"promoCode": null,
				"type": "directorylisting",
				"selectedStatus": true,
				"displayInBasket": false,
				"isEditable": true,
				"multiPromoFlag": false,
				"description": [
					""
				],
				"shortDescription": "",
				"features": [],
				"channels": null,
				"category": "Directory",
				"subCategory": "ex_listing"
			},
			"10148": {
				"propositionId": 10148,
				"name": "Withhold your number",
				"monthlyCharge": 0,
				"hasPromo": false,
				"promoDiscount": 0,
				"monthlyChargeWithPromo": 0,
				"promotionLength": 0,
				"promoCode": null,
				"type": "privacyfeature",
				"selectedStatus": false,
				"displayInBasket": false,
				"isEditable": true,
				"multiPromoFlag": false,
				"description": [
					""
				],
				"shortDescription": "Keep your number private when you call from home",
				"features": [],
				"channels": null,
				"category": "Privacy Features",
				"subCategory": "withold_number"
			},
			"10234": {
				"propositionId": 10234,
				"name": "Voicemail",
				"monthlyCharge": 0,
				"hasPromo": false,
				"promoDiscount": 0,
				"monthlyChargeWithPromo": 0,
				"promotionLength": 0,
				"promoCode": null,
				"type": "voicemail",
				"selectedStatus": false,
				"displayInBasket": false,
				"isEditable": true,
				"multiPromoFlag": false,
				"description": [
					""
				],
				"shortDescription": "TalkTalk standard greeting (FREE)",
				"features": [],
				"channels": null,
				"category": "Voicemail",
				"subCategory": "voicemail"
			},
			"10237": {
				"propositionId": 10237,
				"name": "Anonymous Caller Reject",
				"monthlyCharge": 0,
				"hasPromo": false,
				"promoDiscount": 0,
				"monthlyChargeWithPromo": 0,
				"promotionLength": 0,
				"promoCode": null,
				"type": "privacyfeature",
				"selectedStatus": false,
				"displayInBasket": false,
				"isEditable": true,
				"multiPromoFlag": false,
				"description": [
					""
				],
				"shortDescription": "Rejects incoming calls from withheld numbers",
				"features": [],
				"channels": null,
				"category": "Privacy Features",
				"subCategory": "ananymous_reject"
			},
			"10238": {
				"propositionId": 10238,
				"name": "Call Divert",
				"monthlyCharge": 0,
				"hasPromo": false,
				"promoDiscount": 0,
				"monthlyChargeWithPromo": 0,
				"promotionLength": 0,
				"promoCode": null,
				"type": "selectservice",
				"selectedStatus": false,
				"displayInBasket": false,
				"isEditable": true,
				"multiPromoFlag": false,
				"description": [
					""
				],
				"shortDescription": "Forward your calls to another landline or your mobile",
				"features": [],
				"channels": null,
				"category": "Calling Features",
				"subCategory": "call_divert"
			},
			"10239": {
				"propositionId": 10239,
				"name": "Call Waiting",
				"monthlyCharge": 0,
				"hasPromo": false,
				"promoDiscount": 0,
				"monthlyChargeWithPromo": 0,
				"promotionLength": 0,
				"promoCode": null,
				"type": "selectservice",
				"selectedStatus": false,
				"displayInBasket": false,
				"isEditable": true,
				"multiPromoFlag": false,
				"description": [
					""
				],
				"shortDescription": "See when another number's trying you during a call.",
				"features": [],
				"channels": null,
				"category": "Calling Features",
				"subCategory": "call_waiting"
			},
			"10241": {
				"propositionId": 10241,
				"name": "Last Caller Barring",
				"monthlyCharge": 0,
				"hasPromo": false,
				"promoDiscount": 0,
				"monthlyChargeWithPromo": 0,
				"promotionLength": 0,
				"promoCode": null,
				"type": "privacyfeature",
				"selectedStatus": true,
				"displayInBasket": false,
				"isEditable": true,
				"multiPromoFlag": false,
				"description": [
					""
				],
				"shortDescription": "Bars the last caller from calling again",
				"features": [],
				"channels": null,
				"category": "Privacy Features",
				"subCategory": "last_caller_barring"
			},
			"10242": {
				"propositionId": 10242,
				"name": "Reminder Call",
				"monthlyCharge": 0,
				"hasPromo": false,
				"promoDiscount": 0,
				"monthlyChargeWithPromo": 0,
				"promotionLength": 0,
				"promoCode": null,
				"type": "selectservice",
				"selectedStatus": false,
				"displayInBasket": false,
				"isEditable": true,
				"multiPromoFlag": false,
				"description": [
					""
				],
				"shortDescription": "Never forget an important event again",
				"features": [],
				"channels": null,
				"category": "Calling Features",
				"subCategory": "reminder_call"
			},
			"10243": {
				"propositionId": 10243,
				"name": "Ring Back",
				"monthlyCharge": 0,
				"hasPromo": false,
				"promoDiscount": 0,
				"monthlyChargeWithPromo": 0,
				"promotionLength": 0,
				"promoCode": null,
				"type": "selectservice",
				"selectedStatus": false,
				"displayInBasket": false,
				"isEditable": true,
				"multiPromoFlag": false,
				"description": [
					""
				],
				"shortDescription": "Press a button to get a call when the line's free.",
				"features": [],
				"channels": null,
				"category": "Calling Features",
				"subCategory": "ringback"
			},
			"10244": {
				"propositionId": 10244,
				"name": "Three Way Calling",
				"monthlyCharge": 0,
				"hasPromo": false,
				"promoDiscount": 0,
				"monthlyChargeWithPromo": 0,
				"promotionLength": 0,
				"promoCode": null,
				"type": "selectservice",
				"selectedStatus": false,
				"displayInBasket": false,
				"isEditable": true,
				"multiPromoFlag": false,
				"description": [
					""
				],
				"shortDescription": "Make plans with two friends at once.",
				"features": [],
				"channels": null,
				"category": "Calling Features",
				"subCategory": "3_way_calling"
			},
			"10609": {
				"propositionId": 10609,
				"name": "SuperSafe Boost",
				"monthlyCharge": 2,
				"hasPromo": false,
				"promoDiscount": 0,
				"monthlyChargeWithPromo": 2,
				"promotionLength": 0,
				"promoCode": null,
				"type": "callboost",
				"selectedStatus": false,
				"displayInBasket": true,
				"isEditable": true,
				"multiPromoFlag": false,
				"description": [
					"Award-winning online protection for your mobile, tablet and computer. Makes sure you're secure when banking. Plus detects, blocks and removes viruses on your device."
				],
				"shortDescription": "Award-winning online security for 8 devices",
				"features": [
					"Online Banking Protection&#32;&#45;&#32;an additional layer of protection tells you when it's safe to bank online",
					"Anti-virus Protection&#32;&#45;&#32;detects, blocks and removes viruses to minimise threats to your device",
					"Identity Protection&#32;&#45;&#32;protects your passwords and private data when surfing the web",
					"Multi-device&#32;&#45;&#32;protects your mobiles, tablets and computers, both in and out of the home"
				],
				"channels": null,
				"category": "Calls and Broadband",
				"subCategory": "security",
				"benefitsTitle": "Are you sure you want to remove your award winning online protection?",
				"benefitsDescription": "Currently you're able to protect up to 8 of your devices to ensure you benefit from secure online banking, virus and identity protection on the web. Whether you're using your tablet, mobile or laptop, you'll have piece of mind that your experience is more secure."
			},
			"10616": {
				"propositionId": 10616,
				"name": "Unlimited UK Calls",
				"monthlyCharge": 8.5,
				"hasPromo": false,
				"promoDiscount": 0,
				"monthlyChargeWithPromo": 8.5,
				"promotionLength": 0,
				"promoCode": null,
				"type": "callboost",
				"selectedStatus": false,
				"displayInBasket": true,
				"isEditable": true,
				"multiPromoFlag": false,
				"description": [
					"Unlimited calls to UK mobiles and landlines 24 hours a day, 7 days a week. If you use your home phone for more than an hour a month, then it'll be cheaper for you to take our Unlimited UK Calls Boost."
				],
				"shortDescription": "Call landlines & mobiles anytime",
				"features": [
					"Unlimited calls to UK mobiles and landlines",
					"Call any time of day, \non weekdays or weekends",
					"No long term commitment&#32;&#45;&#32;keep as long as you want, remove at any time"
				],
				"channels": null,
				"category": "Calls and Broadband",
				"subCategory": "unlimited_uk",
				"benefitsTitle": "Are you sure you want to start paying <strong>Full Price</strong> for your calls?",
				"benefitsDescription": "Currently you'll be able to make UNLIMITED calls to both UK mobiles and landlines any time of the day. If you remove your inclusive calls, you'll be charged full price for each call which is 12.5p a minute, plus an 18p connection fee."
			},
			"10726": {
				"propositionId": 10726,
				"name": "Asian TV",
				"monthlyCharge": 7.5,
				"hasPromo": false,
				"promoDiscount": 0,
				"monthlyChargeWithPromo": 7.5,
				"promotionLength": 0,
				"promoCode": null,
				"type": "tvboost",
				"selectedStatus": false,
				"displayInBasket": true,
				"isEditable": true,
				"multiPromoFlag": false,
				"description": [
					"The best of Bollywood blockbusters and TV ."
				],
				"shortDescription": "Bollywood blockbusters & TV channels",
				"features": [
					"The best of Bollywood blockbusters and TV channels",
					"Channels \ninclude Zee TV, Sony TV Asia, SET Max and Zee Cinema",
					"No long-term commitment&#32;&#45;&#32;keep as long as you want, remove at any time"
				],
				"channels": null,
				"category": "World boosts",
				"subCategory": "asian"
			},
			"10745": {
				"propositionId": 10745,
				"name": "Sky Sports & Sky Cinema",
				"monthlyCharge": 42,
				"hasPromo": false,
				"promoDiscount": 0,
				"monthlyChargeWithPromo": 42,
				"promotionLength": 0,
				"promoCode": null,
				"type": "tvboost",
				"selectedStatus": false,
				"displayInBasket": true,
				"isEditable": true,
				"multiPromoFlag": false,
				"description": [
					"The ultimate combo of sports and movies."
				],
				"shortDescription": "Ultimate combo of sports & movies",
				"features": [
					"Over 1200 movies to watch on demand, across 11 Sky Movies channels",
					"A brand new premiere \nevery day",
					"Original British drama and comedy, as well as the best from the US",
					"126 live and exclusive Premier League games",
					"International rugby \nand cricket plus darts, tennis and every F1 race live",
					"No long-term commitment&#32;&#45;&#32;keep as long as you want, remove \nat any time"
				],
				"channels": null,
				"category": "Cinema and Sports boosts",
				"subCategory": "sky_bundle"
			},
			"11715": {
				"propositionId": 11715,
				"name": "Caller Display",
				"monthlyCharge": 0,
				"hasPromo": false,
				"promoDiscount": 0,
				"monthlyChargeWithPromo": 0,
				"promotionLength": 0,
				"promoCode": null,
				"type": "privacyfeature",
				"selectedStatus": true,
				"displayInBasket": false,
				"isEditable": true,
				"multiPromoFlag": false,
				"description": [
					""
				],
				"shortDescription": "See who's calling before you answer",
				"features": [],
				"channels": null,
				"category": "Privacy Features",
				"subCategory": "caller_display"
			},
			"12944": {
				"propositionId": 12944,
				"name": "PictureBox",
				"monthlyCharge": 5,
				"hasPromo": false,
				"promoDiscount": 0,
				"monthlyChargeWithPromo": 5,
				"promotionLength": 0,
				"promoCode": null,
				"type": "tvboost",
				"selectedStatus": false,
				"displayInBasket": true,
				"isEditable": true,
				"multiPromoFlag": false,
				"description": [
					"Classic on-demand movies and TV boxsets at your fingertips when you fancy"
				],
				"shortDescription": "On demand movies & TV boxsets",
				"features": [
					"60 classic movies from Universal available to watch any time, with 7 \nnew ones added every week",
					"Over 50 US boxsets including Grimm, House, Heroes and many more",
					"No long-term commitment&#32;&#45;&#32;keep as long as \nyou want, remove at any time"
				],
				"channels": null,
				"category": "TV on-demand boosts",
				"subCategory": "picturebox"
			},
			"14100": {
				"propositionId": 14100,
				"name": "Kids",
				"monthlyCharge": 5,
				"hasPromo": false,
				"promoDiscount": 0,
				"monthlyChargeWithPromo": 5,
				"promotionLength": 0,
				"promoCode": null,
				"type": "tvboost",
				"selectedStatus": false,
				"displayInBasket": true,
				"isEditable": true,
				"multiPromoFlag": false,
				"description": [
					"They'll love these top-rated UK kids channels, with over 200 episodes on demand, and favourites like Peppa Pig and Spongebob Squarepants."
				],
				"shortDescription": "10 channels including Nick Jnr & Disney Channel",
				"features": [
					"10 of the UK's most \npopular Kids pay TV channels",
					"Includes Nick Jnr, Disney Channel and Boomerang",
					"200+ episodes available to watch on demand",
					"Great value \nand perfect for school holidays and wet weekends",
					"No long-term commitment&#32;&#45;&#32;keep as long as you want, remove at any time"
				],
				"channels": null,
				"category": "Entertainment and kids Boosts",
				"subCategory": "kids"
			},
			"20732": {
				"propositionId": 20732,
				"name": "BoxNation",
				"monthlyCharge": 12,
				"hasPromo": false,
				"promoDiscount": 0,
				"monthlyChargeWithPromo": 12,
				"promotionLength": 0,
				"promoCode": null,
				"type": "tvboost",
				"selectedStatus": false,
				"displayInBasket": true,
				"isEditable": true,
				"multiPromoFlag": false,
				"description": [
					"Britain's only 24/7 boxing channel."
				],
				"shortDescription": "Britain's only 24/7 boxing channel",
				"features": [
					"Get access to live fights and award-winning boxing documentaries",
					"The perfect channel for \nboxing fans",
					"Amazing upcoming fights including the Fury v Klitschko rematch",
					"No long-term commitment&#32;&#45;&#32;keep as \nlong as you want, remove at any time"
				],
				"channels": null,
				"category": "Sports boosts",
				"subCategory": "boxnation"
			},
			"20872": {
				"propositionId": 20872,
				"name": "SuperSafe",
				"monthlyCharge": 0,
				"hasPromo": false,
				"promoDiscount": 0,
				"monthlyChargeWithPromo": 0,
				"promotionLength": 0,
				"promoCode": null,
				"type": "callboost",
				"selectedStatus": true,
				"displayInBasket": true,
				"isEditable": true,
				"multiPromoFlag": false,
				"description": [
					"Award-winning online protection for your mobile, tablet or computer. Makes sure you're secure when banking. Plus detects, blocks and removes viruses on your device."
				],
				"shortDescription": "Award-winning online security for 1 device",
				"features": [
					"Online Banking Protection&#32;&#45;&#32;an additional layer of protection tells you when it's safe to bank online",
					"Anti-virus Protection&#32;&#45;&#32;detects, blocks and removes viruses to minimise threats to your device",
					"Identity Protection&#32;&#45;&#32;protects your passwords and private data when surfing the web",
					"Multi-device&#32;&#45;&#32;protects a mobile, tablet or computer, both in and out of the home"
				],
				"channels": null,
				"category": "Calls and Broadband",
				"subCategory": "security"
			},
			"20936": {
				"propositionId": 20936,
				"name": "International Saver",
				"monthlyCharge": 2.5,
				"hasPromo": false,
				"promoDiscount": 0,
				"monthlyChargeWithPromo": 2.5,
				"promotionLength": 0,
				"promoCode": null,
				"type": "callboost",
				"selectedStatus": false,
				"displayInBasket": true,
				"isEditable": true,
				"multiPromoFlag": false,
				"description": [
					"Discounted rates on your international calls, so no matter where in the world you call, you'll save money."
				],
				"shortDescription": "Discounted rates to many international destinations",
				"features": [
					"Discounted calls to many international destinations.See \n<a href='http://help2.talktalk.co.uk/international-call-rates' target='_blank'>full list</a>",
					"No long-term commitment&#32;&#45;&#32;\nkeep as long as you want, remove at any time"
				],
				"channels": null,
				"category": "International",
				"subCategory": "saver"
			},
			"20937": {
				"propositionId": 20937,
				"name": "International Extra",
				"monthlyCharge": 5,
				"hasPromo": false,
				"promoDiscount": 0,
				"monthlyChargeWithPromo": 5,
				"promotionLength": 0,
				"promoCode": null,
				"type": "callboost",
				"selectedStatus": false,
				"displayInBasket": true,
				"isEditable": true,
				"multiPromoFlag": false,
				"description": [
					"1000 landline minutes a month to 50 destinations, so it's no longer expensive to keep in touch with people across the world."
				],
				"shortDescription": "1000 landline minutes to 50 destinations",
				"features": [
					"1000 landline minutes a month to 50 international destinations. \nSee <a href='http://help2.talktalk.co.uk/about-international-boosts' target='_blank'>full list</a>",
					"Works out at less than 1p a minute to \nincluded destinations",
					"Discounted calls to many international destinations.See <a href='http://help2.talktalk.co.uk/international-call-rates' \ntarget='_blank'>full list</a>",
					"No long-term commitment&#32;&#45;&#32;keep as long as you want, remove at any time"
				],
				"channels": null,
				"category": "International",
				"subCategory": "extra",
				"benefitsTitle": "Are you sure you want to start paying <strong>Full Price</strong> for your International calls?",
				"benefitsDescription": "Currently you'll be able to make up to 1000 minutes worth of international calls to 50 destinations (<a href=\"//help2.talktalk.co.uk/about-international-boosts#includedcountries\">see list</a>) when you upgrade your package. You'll also be entitled to discounted rates to all other destinations. If you remove your inclusive calls you'll be charged full price for each call which can be up to Â£1 per minute."
			},
			"20938": {
				"propositionId": 20938,
				"name": "International Max",
				"monthlyCharge": 10,
				"hasPromo": true,
				"promoDiscount": 2.5,
				"monthlyChargeWithPromo": 7.5,
				"promotionLength": 18,
				"promoCode": "&pound;2.5off",
				"type": "callboost",
				"selectedStatus": false,
				"displayInBasket": true,
				"isEditable": true,
				"multiPromoFlag": false,
				"description": [
					"1000 mobile & landline minutes a month to 50 destinations, so it's no longer expensive to keep in touch with people even on their mobiles."
				],
				"shortDescription": "1000 landline & mobile minutes to 50 destinations",
				"features": [
					"1000 mobile and landline minutes a month to 50 international \ndestinations. See <a href='http://help2.talktalk.co.uk/about-international-boosts' target='_blank'>full list</a>",
					"Discounted calls to many \ninternational destinations. See <a href='http://help2.talktalk.co.uk/about-international-boosts' target='_blank'>full list</a>",
					"No long-term \ncommitment&#32;&#45;&#32;keep as long as you want, remove at any time"
				],
				"channels": null,
				"category": "International",
				"subCategory": "max"
			},
			"30008": {
				"propositionId": 30008,
				"name": "Fibre Speed Boost",
				"monthlyCharge": 5,
				"hasPromo": false,
				"promoDiscount": 0,
				"monthlyChargeWithPromo": 5,
				"promotionLength": 0,
				"promoCode": null,
				"type": "fibreboost",
				"selectedStatus": true,
				"displayInBasket": true,
				"isEditable": true,
				"multiPromoFlag": false,
				"description": [
					"Boost your Fibre speed up to 76Mb"
				],
				"shortDescription": "Boost your Fibre speed up to 76Mb",
				"features": [],
				"channels": null,
				"category": "Fibre",
				"subCategory": "large"
			},
			"30010": {
				"propositionId": 30010,
				"name": "Entertainment",
				"monthlyCharge": 12,
				"hasPromo": false,
				"promoDiscount": 0,
				"monthlyChargeWithPromo": 12,
				"promotionLength": 0,
				"promoCode": null,
				"type": "tvboost",
				"selectedStatus": false,
				"displayInBasket": true,
				"isEditable": true,
				"multiPromoFlag": false,
				"description": [
					"There's something for everyone with UK channels showing the best in comedy, drama and factual entertainment"
				],
				"shortDescription": "30 channels including Sky One, Sky Living & Fox",
				"features": [
					"The UK's top rated entertainment channels including Sky One, \nSky Living, Fox, Gold, National Geographic and many more",
					"Award-winning drama and comedy from the US and UK including The Walking Dead, \nGrey's Anatomy, Modern Family, A League of Their Own and Sherlock",
					"The best in factual entertainment from National Geographic, \nHistory, Eden, Nat Geo Wild and Crime & Investigation",
					"Hundreds of hours on demand in the TalkTalk Player",
					"No long-term commitment&#32;&#45;&#32;keep as \nlong as you want, remove at any time"
				],
				"channels": null,
				"category": "Entertainment and kids Boosts",
				"subCategory": "entertainment_bundle"
			},
			"30244": {
				"propositionId": 30244,
				"name": "Sky Sports",
				"monthlyCharge": 34,
				"hasPromo": false,
				"promoDiscount": 0,
				"monthlyChargeWithPromo": 34,
				"promotionLength": 0,
				"promoCode": null,
				"type": "tvboost",
				"selectedStatus": false,
				"displayInBasket": true,
				"isEditable": true,
				"multiPromoFlag": false,
				"description": [
					"More Premier League games than ever before, plus golf, rugby, cricket and F1. Now everyone at home gets the sport they love."
				],
				"shortDescription": "All 8 Sky Sports channels",
				"features": [
					"126 live and exclusive Premier League games&#32;&#45;&#32;more than ever \nbefore",
					"The biggest football season ever&#32;&#45;&#32;over 700 live games,with brand new Friday Night Football and Sky Bet Championship matches",
					"Coverage \nof all 4 major golf championships, plus The Ryder Cup",
					"International rugby and cricket, as well as darts, tennis and every F1 race live",
					"No \nlong-term commitment&#32;&#45;&#32;keep as long as you want, remove at any time"
				],
				"channels": null,
				"category": "Cinema and Sports boosts",
				"subCategory": "sky_sports"
			},
			"30252": {
				"propositionId": 30252,
				"name": "Sky Cinema",
				"monthlyCharge": 16,
				"hasPromo": false,
				"promoDiscount": 0,
				"monthlyChargeWithPromo": 16,
				"promotionLength": 0,
				"promoCode": null,
				"type": "tvboost",
				"selectedStatus": false,
				"displayInBasket": true,
				"isEditable": true,
				"multiPromoFlag": false,
				"description": [
					"Our biggest ever line-up of on-demand movies brings you a new on-demand title every single day"
				],
				"shortDescription": "Over 1,200 movies to watch on demand",
				"features": [
					"Over 1200 movies to watch on demand, from 11 Sky Movies channels",
					"A \nbrand new premiere every day",
					"More blockbusters closer to cinema release than any other subscription service",
					"No long-term commitment&#32;&#45;&#32;\nkeep as long as you want, remove at any time"
				],
				"channels": null,
				"category": "Cinema and Sports boosts",
				"subCategory": "sky_cinema"
			},
			"30288": {
				"propositionId": 30288,
				"name": "TV Select",
				"monthlyCharge": 7,
				"hasPromo": false,
				"promoDiscount": 0,
				"monthlyChargeWithPromo": 7,
				"promotionLength": 0,
				"promoCode": null,
				"type": "tvboost",
				"selectedStatus": false,
				"displayInBasket": true,
				"isEditable": true,
				"multiPromoFlag": false,
				"description": [
					"We’ve selected the most popular channels from our Entertainment Boost to create this great value TV Boost."
				],
				"shortDescription": "Add 13 of the nations favourite channels",
				"features": [
					"13 of the nation's favourite channels including 6 Sky channels and more",
					"Over 200 hours of catch-up On Demand",
					"Watch all your favourites from the Walking Dead on Fox, to Geordie Shore on MTV",
					"Flexible TV Boosts you can turn on and off a month at a time"
				],
				"channels": null,
				"category": "Entertainment",
				"subCategory": "tv_select"
			},
			"99990002": {
				"propositionId": 99990002,
				"name": "No Voicemail",
				"monthlyCharge": 0,
				"hasPromo": false,
				"promoDiscount": 0,
				"monthlyChargeWithPromo": 0,
				"promotionLength": 0,
				"promoCode": null,
				"type": "voicemail",
				"selectedStatus": true,
				"displayInBasket": false,
				"isEditable": true,
				"multiPromoFlag": false,
				"description": [
					""
				],
				"shortDescription": "None,thanks (FREE)",
				"features": [],
				"channels": null,
				"category": "Voicemail",
				"subCategory": "no_voicemail"
			}
		},
		"boostsTotal": 5,
		"simDetails": null,
		"monthlyTotal": 31.5,
		"monthlyTotalAfterPromo": [
			{
				"monthlyTotalForMonths": 18,
				"monthlyTotal": 31.5
			},
			{
				"monthlyTotalAfterMonths": 18,
				"monthlyTotal": 38.5
			}
		],
		"oneOff": {
			"30052": {
				"propositionId": 30052,
				"oneOffName": "Fibre Broadband Activation SIM Provide",
				"oneOffCharge": 0,
				"oneOffChargeWithPromo": 0,
				"type": "",
				"selectedStatus": true,
				"displayInBasket": false
			},
			"30053": {
				"propositionId": 30053,
				"oneOffName": "TV Lite Box",
				"oneOffCharge": 25,
				"oneOffChargeWithPromo": 25,
				"type": "tvbox",
				"selectedStatus": false,
				"displayInBasket": true
			},
			"30055": {
				"propositionId": 30055,
				"oneOffName": "TV Plus Box",
				"oneOffCharge": 50,
				"oneOffChargeWithPromo": 50,
				"type": "tvbox",
				"selectedStatus": false,
				"displayInBasket": true
			},
			"30059": {
				"propositionId": 30059,
				"oneOffName": "Super Router",
				"oneOffCharge": 79.99,
				"oneOffChargeWithPromo": 0,
				"type": "Default Equipment",
				"selectedStatus": true,
				"displayInBasket": false
			},
			"30076": {
				"propositionId": 30076,
				"oneOffName": "Powerline adapters",
				"oneOffCharge": 20,
				"oneOffChargeWithPromo": 10,
				"type": "powerlineadaptor",
				"selectedStatus": false,
				"displayInBasket": true
			},
			"30140": {
				"propositionId": 30140,
				"oneOffName": "Setup Fee",
				"oneOffCharge": 85,
				"oneOffChargeWithPromo": 0,
				"type": "connection charge",
				"selectedStatus": true,
				"displayInBasket": false
			},
			"30311": {
				"propositionId": 30311,
				"oneOffName": "Engineer TV Install",
				"oneOffCharge": 0,
				"oneOffChargeWithPromo": 0,
				"type": "Appointment",
				"selectedStatus": false,
				"displayInBasket": false
			}
		},
		"oneOffTotal": 0,
		"voucherValue": 0,
		"steps": {
			"availabilityCheck": true,
			"personalDetails": false,
			"installation": false,
			"payment": false
		}
	}
}
