{
	"status": 1,
	"message": [
		"success"
	],
	"messageCode": [
		"success"
	],
	"data": {
		"addressList": [
			{
				"addressId": "64051e7f66a16461eebd5b2dbd84a855_0",
				"organisationName": "Westbury Visitor Centre",
				"subBuildingName": "",
				"buildingName": "",
				"buildingNumber": "1",
				"thoroughfareName": "High Street",
				"dependentThoroughfareName": "",
				"doubleDependentLocality": "",
				"postTown": "Westbury",
				"postCode": "BA13 3BN",
				"county": null,
				"country": null,
				"addressReference": null,
				"addressDataSource": null,
				"addressDataMatchType": null
			},
			{
				"addressId": "f15eadc45b6e97ce780632ef9be1c1ac_1",
				"organisationName": "Barber Shop",
				"subBuildingName": "",
				"buildingName": "",
				"buildingNumber": "3",
				"thoroughfareName": "High Street",
				"dependentThoroughfareName": "",
				"doubleDependentLocality": "",
				"postTown": "Westbury",
				"postCode": "BA13 3BN",
				"county": null,
				"country": null,
				"addressReference": null,
				"addressDataSource": null,
				"addressDataMatchType": null
			},
			{
				"addressId": "7528dfa6457f1ae7f2a8abc5a9f161c1_2",
				"organisationName": "Co-operative Bank",
				"subBuildingName": "",
				"buildingName": "5 7",
				"buildingNumber": "",
				"thoroughfareName": "High Street",
				"dependentThoroughfareName": "",
				"doubleDependentLocality": "",
				"postTown": "Westbury",
				"postCode": "BA13 3BN",
				"county": null,
				"country": null,
				"addressReference": null,
				"addressDataSource": null,
				"addressDataMatchType": null
			},
			{
				"addressId": "7528dfa6457f1ae7f2a8abc5a9f161c1_3",
				"organisationName": "Boots The Chemists Ltd",
				"subBuildingName": "",
				"buildingName": "9-11",
				"buildingNumber": "",
				"thoroughfareName": "High Street",
				"dependentThoroughfareName": "",
				"doubleDependentLocality": "",
				"postTown": "Westbury",
				"postCode": "BA13 3BN",
				"county": null,
				"country": null,
				"addressReference": null,
				"addressDataSource": null,
				"addressDataMatchType": null
			},
			{
				"addressId": "a830bd432887d8f700adfc801b12dde2_4",
				"organisationName": "Mad Hatters",
				"subBuildingName": "",
				"buildingName": "",
				"buildingNumber": "13",
				"thoroughfareName": "High Street",
				"dependentThoroughfareName": "",
				"doubleDependentLocality": "",
				"postTown": "Westbury",
				"postCode": "BA13 3BN",
				"county": null,
				"country": null,
				"addressReference": null,
				"addressDataSource": null,
				"addressDataMatchType": null
			},
			{
				"addressId": "8ac14c82bbc2acefb1c51166b78136aa_5",
				"organisationName": "Miles Apart",
				"subBuildingName": "",
				"buildingName": "",
				"buildingNumber": "15",
				"thoroughfareName": "High Street",
				"dependentThoroughfareName": "",
				"doubleDependentLocality": "",
				"postTown": "Westbury",
				"postCode": "BA13 3BN",
				"county": null,
				"country": null,
				"addressReference": null,
				"addressDataSource": null,
				"addressDataMatchType": null
			},
			{
				"addressId": "c622da1e9fd601522e70f2489314f7bb_6",
				"organisationName": "Cards Plus",
				"subBuildingName": "",
				"buildingName": "",
				"buildingNumber": "17",
				"thoroughfareName": "High Street",
				"dependentThoroughfareName": "",
				"doubleDependentLocality": "",
				"postTown": "Westbury",
				"postCode": "BA13 3BN",
				"county": null,
				"country": null,
				"addressReference": null,
				"addressDataSource": null,
				"addressDataMatchType": null
			},
			{
				"addressId": "f74898f339b52afc90131fcff7d9e684_7",
				"organisationName": "Haine And Smith",
				"subBuildingName": "",
				"buildingName": "",
				"buildingNumber": "19",
				"thoroughfareName": "High Street",
				"dependentThoroughfareName": "",
				"doubleDependentLocality": "",
				"postTown": "Westbury",
				"postCode": "BA13 3BN",
				"county": null,
				"country": null,
				"addressReference": null,
				"addressDataSource": null,
				"addressDataMatchType": null
			},
			{
				"addressId": "2b5768b4c33dfa8ac1420a6f0f0cbdc0_8",
				"organisationName": "White Horse Cafe",
				"subBuildingName": "",
				"buildingName": "",
				"buildingNumber": "21",
				"thoroughfareName": "High Street",
				"dependentThoroughfareName": "",
				"doubleDependentLocality": "",
				"postTown": "Westbury",
				"postCode": "BA13 3BN",
				"county": null,
				"country": null,
				"addressReference": null,
				"addressDataSource": null,
				"addressDataMatchType": null
			},
			{
				"addressId": "f95a17ecd8300b1b63ada4bab29b5d16_9",
				"organisationName": "Ladbrokes Ltd",
				"subBuildingName": "",
				"buildingName": "",
				"buildingNumber": "23",
				"thoroughfareName": "High Street",
				"dependentThoroughfareName": "",
				"doubleDependentLocality": "",
				"postTown": "Westbury",
				"postCode": "BA13 3BN",
				"county": null,
				"country": null,
				"addressReference": null,
				"addressDataSource": null,
				"addressDataMatchType": null
			},
			{
				"addressId": "4cc448e81e160927504eb4b4e7ec0974_10",
				"organisationName": "Age Concern",
				"subBuildingName": "",
				"buildingName": "",
				"buildingNumber": "25",
				"thoroughfareName": "High Street",
				"dependentThoroughfareName": "",
				"doubleDependentLocality": "",
				"postTown": "Westbury",
				"postCode": "BA13 3BN",
				"county": null,
				"country": null,
				"addressReference": null,
				"addressDataSource": null,
				"addressDataMatchType": null
			},
			{
				"addressId": "10366190968475a6c75b009dfbfa19fc_11",
				"organisationName": "Jambo Chinese Take Away",
				"subBuildingName": "",
				"buildingName": "",
				"buildingNumber": "27",
				"thoroughfareName": "High Street",
				"dependentThoroughfareName": "",
				"doubleDependentLocality": "",
				"postTown": "Westbury",
				"postCode": "BA13 3BN",
				"county": null,
				"country": null,
				"addressReference": null,
				"addressDataSource": null,
				"addressDataMatchType": null
			},
			{
				"addressId": "7528dfa6457f1ae7f2a8abc5a9f161c1_12",
				"organisationName": "John Preddy And Co Ltd",
				"subBuildingName": "",
				"buildingName": "29-31",
				"buildingNumber": "",
				"thoroughfareName": "High Street",
				"dependentThoroughfareName": "",
				"doubleDependentLocality": "",
				"postTown": "Westbury",
				"postCode": "BA13 3BN",
				"county": null,
				"country": null,
				"addressReference": null,
				"addressDataSource": null,
				"addressDataMatchType": null
			},
			{
				"addressId": "6901cf5d47769b576ea36663a1fb6fab_13",
				"organisationName": "Excel",
				"subBuildingName": "",
				"buildingName": "",
				"buildingNumber": "33",
				"thoroughfareName": "High Street",
				"dependentThoroughfareName": "",
				"doubleDependentLocality": "",
				"postTown": "Westbury",
				"postCode": "BA13 3BN",
				"county": null,
				"country": null,
				"addressReference": null,
				"addressDataSource": null,
				"addressDataMatchType": null
			},
			{
				"addressId": "80d5d6e176772c5ea0093b0a2222d37c_14",
				"organisationName": "Portway",
				"subBuildingName": "",
				"buildingName": "",
				"buildingNumber": "35",
				"thoroughfareName": "High Street",
				"dependentThoroughfareName": "",
				"doubleDependentLocality": "",
				"postTown": "Westbury",
				"postCode": "BA13 3BN",
				"county": null,
				"country": null,
				"addressReference": null,
				"addressDataSource": null,
				"addressDataMatchType": null
			},
			{
				"addressId": "366aca457c4110aa44785fc5ac6c4a89_15",
				"organisationName": "Forrester Pet Supplies",
				"subBuildingName": "",
				"buildingName": "",
				"buildingNumber": "37",
				"thoroughfareName": "High Street",
				"dependentThoroughfareName": "",
				"doubleDependentLocality": "",
				"postTown": "Westbury",
				"postCode": "BA13 3BN",
				"county": null,
				"country": null,
				"addressReference": null,
				"addressDataSource": null,
				"addressDataMatchType": null
			},
			{
				"addressId": "7528dfa6457f1ae7f2a8abc5a9f161c1_16",
				"organisationName": "Dorothy House Hospice",
				"subBuildingName": "",
				"buildingName": "39-43",
				"buildingNumber": "",
				"thoroughfareName": "High Street",
				"dependentThoroughfareName": "",
				"doubleDependentLocality": "",
				"postTown": "Westbury",
				"postCode": "BA13 3BN",
				"county": null,
				"country": null,
				"addressReference": null,
				"addressDataSource": null,
				"addressDataMatchType": null
			},
			{
				"addressId": "7528dfa6457f1ae7f2a8abc5a9f161c1_17",
				"organisationName": "Dorothy House Foundation Ltd",
				"subBuildingName": "",
				"buildingName": "45 47",
				"buildingNumber": "",
				"thoroughfareName": "High Street",
				"dependentThoroughfareName": "",
				"doubleDependentLocality": "",
				"postTown": "Westbury",
				"postCode": "BA13 3BN",
				"county": null,
				"country": null,
				"addressReference": null,
				"addressDataSource": null,
				"addressDataMatchType": null
			},
			{
				"addressId": "db75f1d7e6c250285a4cf2b5933b531c_18",
				"organisationName": "",
				"subBuildingName": "",
				"buildingName": "",
				"buildingNumber": "103",
				"thoroughfareName": "High Street",
				"dependentThoroughfareName": "",
				"doubleDependentLocality": "",
				"postTown": "Westbury",
				"postCode": "BA13 3BN",
				"county": null,
				"country": null,
				"addressReference": null,
				"addressDataSource": null,
				"addressDataMatchType": null
			},
			{
				"addressId": "cbe318feb62cbbbc43aa29494a0d90ff_19",
				"organisationName": "",
				"subBuildingName": "",
				"buildingName": "",
				"buildingNumber": "105",
				"thoroughfareName": "High Street",
				"dependentThoroughfareName": "",
				"doubleDependentLocality": "",
				"postTown": "Westbury",
				"postCode": "BA13 3BN",
				"county": null,
				"country": null,
				"addressReference": null,
				"addressDataSource": null,
				"addressDataMatchType": null
			},
			{
				"addressId": "5f8b723a8d352b17011b9efe5af34976_20",
				"organisationName": "",
				"subBuildingName": "",
				"buildingName": "",
				"buildingNumber": "107",
				"thoroughfareName": "High Street",
				"dependentThoroughfareName": "",
				"doubleDependentLocality": "",
				"postTown": "Westbury",
				"postCode": "BA13 3BN",
				"county": null,
				"country": null,
				"addressReference": null,
				"addressDataSource": null,
				"addressDataMatchType": null
			},
			{
				"addressId": "f64afd751b29e2957706861c59c13886_21",
				"organisationName": "",
				"subBuildingName": "",
				"buildingName": "",
				"buildingNumber": "109",
				"thoroughfareName": "High Street",
				"dependentThoroughfareName": "",
				"doubleDependentLocality": "",
				"postTown": "Westbury",
				"postCode": "BA13 3BN",
				"county": null,
				"country": null,
				"addressReference": null,
				"addressDataSource": null,
				"addressDataMatchType": null
			},
			{
				"addressId": "397263958a55e2e1c034f9a9049fe0a0_22",
				"organisationName": "",
				"subBuildingName": "",
				"buildingName": "",
				"buildingNumber": "111",
				"thoroughfareName": "High Street",
				"dependentThoroughfareName": "",
				"doubleDependentLocality": "",
				"postTown": "Westbury",
				"postCode": "BA13 3BN",
				"county": null,
				"country": null,
				"addressReference": null,
				"addressDataSource": null,
				"addressDataMatchType": null
			},
			{
				"addressId": "61430350310cafed782fd100b60d4625_23",
				"organisationName": "",
				"subBuildingName": "",
				"buildingName": "",
				"buildingNumber": "113",
				"thoroughfareName": "High Street",
				"dependentThoroughfareName": "",
				"doubleDependentLocality": "",
				"postTown": "Westbury",
				"postCode": "BA13 3BN",
				"county": null,
				"country": null,
				"addressReference": null,
				"addressDataSource": null,
				"addressDataMatchType": null
			},
			{
				"addressId": "df7bbd6ed5ec6858c142fae1e11f6d71_24",
				"organisationName": "",
				"subBuildingName": "",
				"buildingName": "",
				"buildingNumber": "115",
				"thoroughfareName": "High Street",
				"dependentThoroughfareName": "",
				"doubleDependentLocality": "",
				"postTown": "Westbury",
				"postCode": "BA13 3BN",
				"county": null,
				"country": null,
				"addressReference": null,
				"addressDataSource": null,
				"addressDataMatchType": null
			},
			{
				"addressId": "cfc91a16aed2a892d46c3fc9e36ab754_25",
				"organisationName": "",
				"subBuildingName": "",
				"buildingName": "",
				"buildingNumber": "117",
				"thoroughfareName": "High Street",
				"dependentThoroughfareName": "",
				"doubleDependentLocality": "",
				"postTown": "Westbury",
				"postCode": "BA13 3BN",
				"county": null,
				"country": null,
				"addressReference": null,
				"addressDataSource": null,
				"addressDataMatchType": null
			},
			{
				"addressId": "7457d4377a2f8cc8904196446f9e2e10_26",
				"organisationName": "",
				"subBuildingName": "",
				"buildingName": "",
				"buildingNumber": "119",
				"thoroughfareName": "High Street",
				"dependentThoroughfareName": "",
				"doubleDependentLocality": "",
				"postTown": "Westbury",
				"postCode": "BA13 3BN",
				"county": null,
				"country": null,
				"addressReference": null,
				"addressDataSource": null,
				"addressDataMatchType": null
			},
			{
				"addressId": "7f421f75b5989f0318c8f6292df8c7bd_27",
				"organisationName": "",
				"subBuildingName": "",
				"buildingName": "",
				"buildingNumber": "121",
				"thoroughfareName": "High Street",
				"dependentThoroughfareName": "",
				"doubleDependentLocality": "",
				"postTown": "Westbury",
				"postCode": "BA13 3BN",
				"county": null,
				"country": null,
				"addressReference": null,
				"addressDataSource": null,
				"addressDataMatchType": null
			},
			{
				"addressId": "ee9e94b25b452d1bb099a35573d8c63b_28",
				"organisationName": "",
				"subBuildingName": "",
				"buildingName": "",
				"buildingNumber": "123",
				"thoroughfareName": "High Street",
				"dependentThoroughfareName": "",
				"doubleDependentLocality": "",
				"postTown": "Westbury",
				"postCode": "BA13 3BN",
				"county": null,
				"country": null,
				"addressReference": null,
				"addressDataSource": null,
				"addressDataMatchType": null
			},
			{
				"addressId": "fb8351ff9bb97d68a573b01e8d520ccd_29",
				"organisationName": "",
				"subBuildingName": "",
				"buildingName": "",
				"buildingNumber": "125",
				"thoroughfareName": "High Street",
				"dependentThoroughfareName": "",
				"doubleDependentLocality": "",
				"postTown": "Westbury",
				"postCode": "BA13 3BN",
				"county": null,
				"country": null,
				"addressReference": null,
				"addressDataSource": null,
				"addressDataMatchType": null
			},
			{
				"addressId": "cb30990f5267e65347b1018e1316d054_30",
				"organisationName": "",
				"subBuildingName": "",
				"buildingName": "",
				"buildingNumber": "127",
				"thoroughfareName": "High Street",
				"dependentThoroughfareName": "",
				"doubleDependentLocality": "",
				"postTown": "Westbury",
				"postCode": "BA13 3BN",
				"county": null,
				"country": null,
				"addressReference": null,
				"addressDataSource": null,
				"addressDataMatchType": null
			}
		],
		"numberPortingOrder": true,
		"currentProviders": [
			"Sky",
			"Virgin",
			"Other"
		]
	}
}
