{
	"status": 1,
	"message": [
		"success"
	],
	"messageCode": [
		"success"
	],
	"data": {
		"addressList": [
			{
				"addressId": "e438a151ad3453cef9d7cb06de4d7eea_0",
				"organisationName": "",
				"subBuildingName": "",
				"buildingName": "",
				"buildingNumber": "1",
				"thoroughfareName": "Hadyn Park Road",
				"dependentThoroughfareName": "",
				"doubleDependentLocality": "",
				"postTown": "London",
				"postCode": "W12 9AQ",
				"county": null,
				"country": null,
				"addressReference": null,
				"addressDataSource": null,
				"addressDataMatchType": null
			},
			{
				"addressId": "e438a151ad3453cef9d7cb06de4d7eea_1",
				"organisationName": "",
				"subBuildingName": "First Floor Back Room",
				"buildingName": "",
				"buildingNumber": "1",
				"thoroughfareName": "Hadyn Park Road",
				"dependentThoroughfareName": "",
				"doubleDependentLocality": "",
				"postTown": "London",
				"postCode": "W12 9AQ",
				"county": null,
				"country": null,
				"addressReference": null,
				"addressDataSource": null,
				"addressDataMatchType": null
			},
			{
				"addressId": "e438a151ad3453cef9d7cb06de4d7eea_2",
				"organisationName": "",
				"subBuildingName": "First Floor Front Room",
				"buildingName": "",
				"buildingNumber": "1",
				"thoroughfareName": "Hadyn Park Road",
				"dependentThoroughfareName": "",
				"doubleDependentLocality": "",
				"postTown": "London",
				"postCode": "W12 9AQ",
				"county": null,
				"country": null,
				"addressReference": null,
				"addressDataSource": null,
				"addressDataMatchType": null
			},
			{
				"addressId": "e438a151ad3453cef9d7cb06de4d7eea_3",
				"organisationName": "",
				"subBuildingName": "First Floor Middle Room",
				"buildingName": "",
				"buildingNumber": "1",
				"thoroughfareName": "Hadyn Park Road",
				"dependentThoroughfareName": "",
				"doubleDependentLocality": "",
				"postTown": "London",
				"postCode": "W12 9AQ",
				"county": null,
				"country": null,
				"addressReference": null,
				"addressDataSource": null,
				"addressDataMatchType": null
			},
			{
				"addressId": "e438a151ad3453cef9d7cb06de4d7eea_4",
				"organisationName": "",
				"subBuildingName": "Ground Floor Back Room",
				"buildingName": "",
				"buildingNumber": "1",
				"thoroughfareName": "Hadyn Park Road",
				"dependentThoroughfareName": "",
				"doubleDependentLocality": "",
				"postTown": "London",
				"postCode": "W12 9AQ",
				"county": null,
				"country": null,
				"addressReference": null,
				"addressDataSource": null,
				"addressDataMatchType": null
			},
			{
				"addressId": "e438a151ad3453cef9d7cb06de4d7eea_5",
				"organisationName": "",
				"subBuildingName": "Ground Floor Front Room",
				"buildingName": "",
				"buildingNumber": "1",
				"thoroughfareName": "Hadyn Park Road",
				"dependentThoroughfareName": "",
				"doubleDependentLocality": "",
				"postTown": "London",
				"postCode": "W12 9AQ",
				"county": null,
				"country": null,
				"addressReference": null,
				"addressDataSource": null,
				"addressDataMatchType": null
			},
			{
				"addressId": "e438a151ad3453cef9d7cb06de4d7eea_6",
				"organisationName": "",
				"subBuildingName": "Second Floor Back Room",
				"buildingName": "",
				"buildingNumber": "1",
				"thoroughfareName": "Hadyn Park Road",
				"dependentThoroughfareName": "",
				"doubleDependentLocality": "",
				"postTown": "London",
				"postCode": "W12 9AQ",
				"county": null,
				"country": null,
				"addressReference": null,
				"addressDataSource": null,
				"addressDataMatchType": null
			},
			{
				"addressId": "307e59ee1c0e4ab596b134db8b172346_7",
				"organisationName": "",
				"subBuildingName": "",
				"buildingName": "1a",
				"buildingNumber": "",
				"thoroughfareName": "Hadyn Park Road",
				"dependentThoroughfareName": "",
				"doubleDependentLocality": "",
				"postTown": "London",
				"postCode": "W12 9AQ",
				"county": null,
				"country": null,
				"addressReference": null,
				"addressDataSource": null,
				"addressDataMatchType": null
			},
			{
				"addressId": "d71b3e596ce77a3b7a7049d56dd47f5d_8",
				"organisationName": "",
				"subBuildingName": "",
				"buildingName": "",
				"buildingNumber": "3",
				"thoroughfareName": "Hadyn Park Road",
				"dependentThoroughfareName": "",
				"doubleDependentLocality": "",
				"postTown": "London",
				"postCode": "W12 9AQ",
				"county": null,
				"country": null,
				"addressReference": null,
				"addressDataSource": null,
				"addressDataMatchType": null
			},
			{
				"addressId": "02fa057064316eae52e7d07f1dbce3f5_9",
				"organisationName": "",
				"subBuildingName": "",
				"buildingName": "",
				"buildingNumber": "5",
				"thoroughfareName": "Hadyn Park Road",
				"dependentThoroughfareName": "",
				"doubleDependentLocality": "",
				"postTown": "London",
				"postCode": "W12 9AQ",
				"county": null,
				"country": null,
				"addressReference": null,
				"addressDataSource": null,
				"addressDataMatchType": null
			},
			{
				"addressId": "02fa057064316eae52e7d07f1dbce3f5_10",
				"organisationName": "",
				"subBuildingName": "Flat Ground Floor",
				"buildingName": "",
				"buildingNumber": "5",
				"thoroughfareName": "Hadyn Park Road",
				"dependentThoroughfareName": "",
				"doubleDependentLocality": "",
				"postTown": "London",
				"postCode": "W12 9AQ",
				"county": null,
				"country": null,
				"addressReference": null,
				"addressDataSource": null,
				"addressDataMatchType": null
			},
			{
				"addressId": "02fa057064316eae52e7d07f1dbce3f5_11",
				"organisationName": "",
				"subBuildingName": "Maisonette First And Second Fl",
				"buildingName": "",
				"buildingNumber": "5",
				"thoroughfareName": "Hadyn Park Road",
				"dependentThoroughfareName": "",
				"doubleDependentLocality": "",
				"postTown": "London",
				"postCode": "W12 9AQ",
				"county": null,
				"country": null,
				"addressReference": null,
				"addressDataSource": null,
				"addressDataMatchType": null
			},
			{
				"addressId": "13318605b2188ce9f3928b42385e7549_12",
				"organisationName": "",
				"subBuildingName": "",
				"buildingName": "",
				"buildingNumber": "7",
				"thoroughfareName": "Hadyn Park Road",
				"dependentThoroughfareName": "",
				"doubleDependentLocality": "",
				"postTown": "London",
				"postCode": "W12 9AQ",
				"county": null,
				"country": null,
				"addressReference": null,
				"addressDataSource": null,
				"addressDataMatchType": null
			},
			{
				"addressId": "13318605b2188ce9f3928b42385e7549_13",
				"organisationName": "",
				"subBuildingName": "Flat First Floor",
				"buildingName": "",
				"buildingNumber": "7",
				"thoroughfareName": "Hadyn Park Road",
				"dependentThoroughfareName": "",
				"doubleDependentLocality": "",
				"postTown": "London",
				"postCode": "W12 9AQ",
				"county": null,
				"country": null,
				"addressReference": null,
				"addressDataSource": null,
				"addressDataMatchType": null
			},
			{
				"addressId": "13318605b2188ce9f3928b42385e7549_14",
				"organisationName": "",
				"subBuildingName": "Flat Ground Floor",
				"buildingName": "",
				"buildingNumber": "7",
				"thoroughfareName": "Hadyn Park Road",
				"dependentThoroughfareName": "",
				"doubleDependentLocality": "",
				"postTown": "London",
				"postCode": "W12 9AQ",
				"county": null,
				"country": null,
				"addressReference": null,
				"addressDataSource": null,
				"addressDataMatchType": null
			},
			{
				"addressId": "464b12dcbe46d5b534b03467ce9f9bdf_15",
				"organisationName": "",
				"subBuildingName": "",
				"buildingName": "",
				"buildingNumber": "9",
				"thoroughfareName": "Hadyn Park Road",
				"dependentThoroughfareName": "",
				"doubleDependentLocality": "",
				"postTown": "London",
				"postCode": "W12 9AQ",
				"county": null,
				"country": null,
				"addressReference": null,
				"addressDataSource": null,
				"addressDataMatchType": null
			},
			{
				"addressId": "b0bb6d12728c5369d995488f47e8a572_16",
				"organisationName": "",
				"subBuildingName": "",
				"buildingName": "",
				"buildingNumber": "11",
				"thoroughfareName": "Hadyn Park Road",
				"dependentThoroughfareName": "",
				"doubleDependentLocality": "",
				"postTown": "London",
				"postCode": "W12 9AQ",
				"county": null,
				"country": null,
				"addressReference": null,
				"addressDataSource": null,
				"addressDataMatchType": null
			},
			{
				"addressId": "f7a8c6c88cfb516e3868626fd32e3cef_17",
				"organisationName": "",
				"subBuildingName": "",
				"buildingName": "",
				"buildingNumber": "13",
				"thoroughfareName": "Hadyn Park Road",
				"dependentThoroughfareName": "",
				"doubleDependentLocality": "",
				"postTown": "London",
				"postCode": "W12 9AQ",
				"county": null,
				"country": null,
				"addressReference": null,
				"addressDataSource": null,
				"addressDataMatchType": null
			},
			{
				"addressId": "f7a8c6c88cfb516e3868626fd32e3cef_18",
				"organisationName": "",
				"subBuildingName": "Ground Floor",
				"buildingName": "",
				"buildingNumber": "13",
				"thoroughfareName": "Hadyn Park Road",
				"dependentThoroughfareName": "",
				"doubleDependentLocality": "",
				"postTown": "London",
				"postCode": "W12 9AQ",
				"county": null,
				"country": null,
				"addressReference": null,
				"addressDataSource": null,
				"addressDataMatchType": null
			},
			{
				"addressId": "f7a8c6c88cfb516e3868626fd32e3cef_19",
				"organisationName": "",
				"subBuildingName": "Upper Floor",
				"buildingName": "",
				"buildingNumber": "13",
				"thoroughfareName": "Hadyn Park Road",
				"dependentThoroughfareName": "",
				"doubleDependentLocality": "",
				"postTown": "London",
				"postCode": "W12 9AQ",
				"county": null,
				"country": null,
				"addressReference": null,
				"addressDataSource": null,
				"addressDataMatchType": null
			},
			{
				"addressId": "a16bc6875be323ff28077acb20d97bae_20",
				"organisationName": "",
				"subBuildingName": "",
				"buildingName": "",
				"buildingNumber": "15",
				"thoroughfareName": "Hadyn Park Road",
				"dependentThoroughfareName": "",
				"doubleDependentLocality": "",
				"postTown": "London",
				"postCode": "W12 9AQ",
				"county": null,
				"country": null,
				"addressReference": null,
				"addressDataSource": null,
				"addressDataMatchType": null
			},
			{
				"addressId": "a16bc6875be323ff28077acb20d97bae_21",
				"organisationName": "",
				"subBuildingName": "Basement",
				"buildingName": "",
				"buildingNumber": "15",
				"thoroughfareName": "Hadyn Park Road",
				"dependentThoroughfareName": "",
				"doubleDependentLocality": "",
				"postTown": "London",
				"postCode": "W12 9AQ",
				"county": null,
				"country": null,
				"addressReference": null,
				"addressDataSource": null,
				"addressDataMatchType": null
			},
			{
				"addressId": "a16bc6875be323ff28077acb20d97bae_22",
				"organisationName": "",
				"subBuildingName": "First Floor Middle Room",
				"buildingName": "",
				"buildingNumber": "15",
				"thoroughfareName": "Hadyn Park Road",
				"dependentThoroughfareName": "",
				"doubleDependentLocality": "",
				"postTown": "London",
				"postCode": "W12 9AQ",
				"county": null,
				"country": null,
				"addressReference": null,
				"addressDataSource": null,
				"addressDataMatchType": null
			},
			{
				"addressId": "a16bc6875be323ff28077acb20d97bae_23",
				"organisationName": "",
				"subBuildingName": "Ground Floor Front Room",
				"buildingName": "",
				"buildingNumber": "15",
				"thoroughfareName": "Hadyn Park Road",
				"dependentThoroughfareName": "",
				"doubleDependentLocality": "",
				"postTown": "London",
				"postCode": "W12 9AQ",
				"county": null,
				"country": null,
				"addressReference": null,
				"addressDataSource": null,
				"addressDataMatchType": null
			},
			{
				"addressId": "a16bc6875be323ff28077acb20d97bae_24",
				"organisationName": "",
				"subBuildingName": "Ground Floor Middle Room",
				"buildingName": "",
				"buildingNumber": "15",
				"thoroughfareName": "Hadyn Park Road",
				"dependentThoroughfareName": "",
				"doubleDependentLocality": "",
				"postTown": "London",
				"postCode": "W12 9AQ",
				"county": null,
				"country": null,
				"addressReference": null,
				"addressDataSource": null,
				"addressDataMatchType": null
			},
			{
				"addressId": "a16bc6875be323ff28077acb20d97bae_25",
				"organisationName": "",
				"subBuildingName": "Ground Floor Rear Room",
				"buildingName": "",
				"buildingNumber": "15",
				"thoroughfareName": "Hadyn Park Road",
				"dependentThoroughfareName": "",
				"doubleDependentLocality": "",
				"postTown": "London",
				"postCode": "W12 9AQ",
				"county": null,
				"country": null,
				"addressReference": null,
				"addressDataSource": null,
				"addressDataMatchType": null
			},
			{
				"addressId": "a16bc6875be323ff28077acb20d97bae_26",
				"organisationName": "",
				"subBuildingName": "Second Floor Room",
				"buildingName": "",
				"buildingNumber": "15",
				"thoroughfareName": "Hadyn Park Road",
				"dependentThoroughfareName": "",
				"doubleDependentLocality": "",
				"postTown": "London",
				"postCode": "W12 9AQ",
				"county": null,
				"country": null,
				"addressReference": null,
				"addressDataSource": null,
				"addressDataMatchType": null
			},
			{
				"addressId": "330a8cca2430c15172727808afefa578_27",
				"organisationName": "",
				"subBuildingName": "",
				"buildingName": "",
				"buildingNumber": "17",
				"thoroughfareName": "Hadyn Park Road",
				"dependentThoroughfareName": "",
				"doubleDependentLocality": "",
				"postTown": "London",
				"postCode": "W12 9AQ",
				"county": null,
				"country": null,
				"addressReference": null,
				"addressDataSource": null,
				"addressDataMatchType": null
			},
			{
				"addressId": "330a8cca2430c15172727808afefa578_28",
				"organisationName": "",
				"subBuildingName": "First Floor",
				"buildingName": "",
				"buildingNumber": "17",
				"thoroughfareName": "Hadyn Park Road",
				"dependentThoroughfareName": "",
				"doubleDependentLocality": "",
				"postTown": "London",
				"postCode": "W12 9AQ",
				"county": null,
				"country": null,
				"addressReference": null,
				"addressDataSource": null,
				"addressDataMatchType": null
			},
			{
				"addressId": "330a8cca2430c15172727808afefa578_29",
				"organisationName": "",
				"subBuildingName": "Flat Ground Floor",
				"buildingName": "",
				"buildingNumber": "17",
				"thoroughfareName": "Hadyn Park Road",
				"dependentThoroughfareName": "",
				"doubleDependentLocality": "",
				"postTown": "London",
				"postCode": "W12 9AQ",
				"county": null,
				"country": null,
				"addressReference": null,
				"addressDataSource": null,
				"addressDataMatchType": null
			},
			{
				"addressId": "330a8cca2430c15172727808afefa578_30",
				"organisationName": "",
				"subBuildingName": "Ground Floor",
				"buildingName": "",
				"buildingNumber": "17",
				"thoroughfareName": "Hadyn Park Road",
				"dependentThoroughfareName": "",
				"doubleDependentLocality": "",
				"postTown": "London",
				"postCode": "W12 9AQ",
				"county": null,
				"country": null,
				"addressReference": null,
				"addressDataSource": null,
				"addressDataMatchType": null
			},
			{
				"addressId": "330a8cca2430c15172727808afefa578_31",
				"organisationName": "",
				"subBuildingName": "Maisonette First And Second Fl",
				"buildingName": "",
				"buildingNumber": "17",
				"thoroughfareName": "Hadyn Park Road",
				"dependentThoroughfareName": "",
				"doubleDependentLocality": "",
				"postTown": "London",
				"postCode": "W12 9AQ",
				"county": null,
				"country": null,
				"addressReference": null,
				"addressDataSource": null,
				"addressDataMatchType": null
			},
			{
				"addressId": "ad7d151b6802e2626b7f42622f124535_32",
				"organisationName": "",
				"subBuildingName": "",
				"buildingName": "",
				"buildingNumber": "19",
				"thoroughfareName": "Hadyn Park Road",
				"dependentThoroughfareName": "",
				"doubleDependentLocality": "",
				"postTown": "London",
				"postCode": "W12 9AQ",
				"county": null,
				"country": null,
				"addressReference": null,
				"addressDataSource": null,
				"addressDataMatchType": null
			},
			{
				"addressId": "ad7d151b6802e2626b7f42622f124535_33",
				"organisationName": "",
				"subBuildingName": "First Floor Front Room",
				"buildingName": "",
				"buildingNumber": "19",
				"thoroughfareName": "Hadyn Park Road",
				"dependentThoroughfareName": "",
				"doubleDependentLocality": "",
				"postTown": "London",
				"postCode": "W12 9AQ",
				"county": null,
				"country": null,
				"addressReference": null,
				"addressDataSource": null,
				"addressDataMatchType": null
			},
			{
				"addressId": "ad7d151b6802e2626b7f42622f124535_34",
				"organisationName": "",
				"subBuildingName": "First Floor Middle Room",
				"buildingName": "",
				"buildingNumber": "19",
				"thoroughfareName": "Hadyn Park Road",
				"dependentThoroughfareName": "",
				"doubleDependentLocality": "",
				"postTown": "London",
				"postCode": "W12 9AQ",
				"county": null,
				"country": null,
				"addressReference": null,
				"addressDataSource": null,
				"addressDataMatchType": null
			},
			{
				"addressId": "ad7d151b6802e2626b7f42622f124535_35",
				"organisationName": "",
				"subBuildingName": "First Floor Rear Room",
				"buildingName": "",
				"buildingNumber": "19",
				"thoroughfareName": "Hadyn Park Road",
				"dependentThoroughfareName": "",
				"doubleDependentLocality": "",
				"postTown": "London",
				"postCode": "W12 9AQ",
				"county": null,
				"country": null,
				"addressReference": null,
				"addressDataSource": null,
				"addressDataMatchType": null
			},
			{
				"addressId": "ad7d151b6802e2626b7f42622f124535_36",
				"organisationName": "",
				"subBuildingName": "Garden Floor",
				"buildingName": "",
				"buildingNumber": "19",
				"thoroughfareName": "Hadyn Park Road",
				"dependentThoroughfareName": "",
				"doubleDependentLocality": "",
				"postTown": "London",
				"postCode": "W12 9AQ",
				"county": null,
				"country": null,
				"addressReference": null,
				"addressDataSource": null,
				"addressDataMatchType": null
			},
			{
				"addressId": "ad7d151b6802e2626b7f42622f124535_37",
				"organisationName": "",
				"subBuildingName": "Ground Floor Back",
				"buildingName": "",
				"buildingNumber": "19",
				"thoroughfareName": "Hadyn Park Road",
				"dependentThoroughfareName": "",
				"doubleDependentLocality": "",
				"postTown": "London",
				"postCode": "W12 9AQ",
				"county": null,
				"country": null,
				"addressReference": null,
				"addressDataSource": null,
				"addressDataMatchType": null
			},
			{
				"addressId": "ad7d151b6802e2626b7f42622f124535_38",
				"organisationName": "",
				"subBuildingName": "Ground Floor Front Room",
				"buildingName": "",
				"buildingNumber": "19",
				"thoroughfareName": "Hadyn Park Road",
				"dependentThoroughfareName": "",
				"doubleDependentLocality": "",
				"postTown": "London",
				"postCode": "W12 9AQ",
				"county": null,
				"country": null,
				"addressReference": null,
				"addressDataSource": null,
				"addressDataMatchType": null
			},
			{
				"addressId": "ad7d151b6802e2626b7f42622f124535_39",
				"organisationName": "",
				"subBuildingName": "Ground Floor Middle Room",
				"buildingName": "",
				"buildingNumber": "19",
				"thoroughfareName": "Hadyn Park Road",
				"dependentThoroughfareName": "",
				"doubleDependentLocality": "",
				"postTown": "London",
				"postCode": "W12 9AQ",
				"county": null,
				"country": null,
				"addressReference": null,
				"addressDataSource": null,
				"addressDataMatchType": null
			},
			{
				"addressId": "c70e56940c43ed36c8254762efbcd31c_40",
				"organisationName": "",
				"subBuildingName": "",
				"buildingName": "",
				"buildingNumber": "21",
				"thoroughfareName": "Hadyn Park Road",
				"dependentThoroughfareName": "",
				"doubleDependentLocality": "",
				"postTown": "London",
				"postCode": "W12 9AQ",
				"county": null,
				"country": null,
				"addressReference": null,
				"addressDataSource": null,
				"addressDataMatchType": null
			},
			{
				"addressId": "c70e56940c43ed36c8254762efbcd31c_41",
				"organisationName": "",
				"subBuildingName": "Flat Ground Floor",
				"buildingName": "",
				"buildingNumber": "21",
				"thoroughfareName": "Hadyn Park Road",
				"dependentThoroughfareName": "",
				"doubleDependentLocality": "",
				"postTown": "London",
				"postCode": "W12 9AQ",
				"county": null,
				"country": null,
				"addressReference": null,
				"addressDataSource": null,
				"addressDataMatchType": null
			},
			{
				"addressId": "c70e56940c43ed36c8254762efbcd31c_42",
				"organisationName": "",
				"subBuildingName": "Flat Part First Floor",
				"buildingName": "",
				"buildingNumber": "21",
				"thoroughfareName": "Hadyn Park Road",
				"dependentThoroughfareName": "",
				"doubleDependentLocality": "",
				"postTown": "London",
				"postCode": "W12 9AQ",
				"county": null,
				"country": null,
				"addressReference": null,
				"addressDataSource": null,
				"addressDataMatchType": null
			},
			{
				"addressId": "c70e56940c43ed36c8254762efbcd31c_43",
				"organisationName": "",
				"subBuildingName": "Maisonette Part First And Seco",
				"buildingName": "",
				"buildingNumber": "21",
				"thoroughfareName": "Hadyn Park Road",
				"dependentThoroughfareName": "",
				"doubleDependentLocality": "",
				"postTown": "London",
				"postCode": "W12 9AQ",
				"county": null,
				"country": null,
				"addressReference": null,
				"addressDataSource": null,
				"addressDataMatchType": null
			},
			{
				"addressId": "c70e56940c43ed36c8254762efbcd31c_44",
				"organisationName": "",
				"subBuildingName": "Studio Flat",
				"buildingName": "",
				"buildingNumber": "21",
				"thoroughfareName": "Hadyn Park Road",
				"dependentThoroughfareName": "",
				"doubleDependentLocality": "",
				"postTown": "London",
				"postCode": "W12 9AQ",
				"county": null,
				"country": null,
				"addressReference": null,
				"addressDataSource": null,
				"addressDataMatchType": null
			},
			{
				"addressId": "0ce3230072acf186f492bcc0b7957a57_45",
				"organisationName": "",
				"subBuildingName": "",
				"buildingName": "",
				"buildingNumber": "23",
				"thoroughfareName": "Hadyn Park Road",
				"dependentThoroughfareName": "",
				"doubleDependentLocality": "",
				"postTown": "London",
				"postCode": "W12 9AQ",
				"county": null,
				"country": null,
				"addressReference": null,
				"addressDataSource": null,
				"addressDataMatchType": null
			},
			{
				"addressId": "0ce3230072acf186f492bcc0b7957a57_46",
				"organisationName": "",
				"subBuildingName": "Flat A Ground Floor",
				"buildingName": "",
				"buildingNumber": "23",
				"thoroughfareName": "Hadyn Park Road",
				"dependentThoroughfareName": "",
				"doubleDependentLocality": "",
				"postTown": "London",
				"postCode": "W12 9AQ",
				"county": null,
				"country": null,
				"addressReference": null,
				"addressDataSource": null,
				"addressDataMatchType": null
			},
			{
				"addressId": "0ce3230072acf186f492bcc0b7957a57_47",
				"organisationName": "",
				"subBuildingName": "Flat B First Floor",
				"buildingName": "",
				"buildingNumber": "23",
				"thoroughfareName": "Hadyn Park Road",
				"dependentThoroughfareName": "",
				"doubleDependentLocality": "",
				"postTown": "London",
				"postCode": "W12 9AQ",
				"county": null,
				"country": null,
				"addressReference": null,
				"addressDataSource": null,
				"addressDataMatchType": null
			},
			{
				"addressId": "98bb97249073305f7c960298c5852111_48",
				"organisationName": "",
				"subBuildingName": "",
				"buildingName": "",
				"buildingNumber": "25",
				"thoroughfareName": "Hadyn Park Road",
				"dependentThoroughfareName": "",
				"doubleDependentLocality": "",
				"postTown": "London",
				"postCode": "W12 9AQ",
				"county": null,
				"country": null,
				"addressReference": null,
				"addressDataSource": null,
				"addressDataMatchType": null
			},
			{
				"addressId": "98bb97249073305f7c960298c5852111_49",
				"organisationName": "",
				"subBuildingName": "Top Floor",
				"buildingName": "",
				"buildingNumber": "25",
				"thoroughfareName": "Hadyn Park Road",
				"dependentThoroughfareName": "",
				"doubleDependentLocality": "",
				"postTown": "London",
				"postCode": "W12 9AQ",
				"county": null,
				"country": null,
				"addressReference": null,
				"addressDataSource": null,
				"addressDataMatchType": null
			},
			{
				"addressId": "5144791616253e68efac85a52a7f3ff1_50",
				"organisationName": "",
				"subBuildingName": "",
				"buildingName": "",
				"buildingNumber": "27",
				"thoroughfareName": "Hadyn Park Road",
				"dependentThoroughfareName": "",
				"doubleDependentLocality": "",
				"postTown": "London",
				"postCode": "W12 9AQ",
				"county": null,
				"country": null,
				"addressReference": null,
				"addressDataSource": null,
				"addressDataMatchType": null
			},
			{
				"addressId": "e4d5d18f525c7f12d26f0768c304cbe8_51",
				"organisationName": "",
				"subBuildingName": "",
				"buildingName": "",
				"buildingNumber": "29",
				"thoroughfareName": "Hadyn Park Road",
				"dependentThoroughfareName": "",
				"doubleDependentLocality": "",
				"postTown": "London",
				"postCode": "W12 9AQ",
				"county": null,
				"country": null,
				"addressReference": null,
				"addressDataSource": null,
				"addressDataMatchType": null
			},
			{
				"addressId": "e4d5d18f525c7f12d26f0768c304cbe8_52",
				"organisationName": "",
				"subBuildingName": "Flat A Ground Floor",
				"buildingName": "",
				"buildingNumber": "29",
				"thoroughfareName": "Hadyn Park Road",
				"dependentThoroughfareName": "",
				"doubleDependentLocality": "",
				"postTown": "London",
				"postCode": "W12 9AQ",
				"county": null,
				"country": null,
				"addressReference": null,
				"addressDataSource": null,
				"addressDataMatchType": null
			},
			{
				"addressId": "e4d5d18f525c7f12d26f0768c304cbe8_53",
				"organisationName": "",
				"subBuildingName": "Maisonette B First And Second",
				"buildingName": "",
				"buildingNumber": "29",
				"thoroughfareName": "Hadyn Park Road",
				"dependentThoroughfareName": "",
				"doubleDependentLocality": "",
				"postTown": "London",
				"postCode": "W12 9AQ",
				"county": null,
				"country": null,
				"addressReference": null,
				"addressDataSource": null,
				"addressDataMatchType": null
			},
			{
				"addressId": "e7204ab1068f0104cc6eaa411b9c066c_54",
				"organisationName": "",
				"subBuildingName": "",
				"buildingName": "",
				"buildingNumber": "31",
				"thoroughfareName": "Hadyn Park Road",
				"dependentThoroughfareName": "",
				"doubleDependentLocality": "",
				"postTown": "London",
				"postCode": "W12 9AQ",
				"county": null,
				"country": null,
				"addressReference": null,
				"addressDataSource": null,
				"addressDataMatchType": null
			},
			{
				"addressId": "e7204ab1068f0104cc6eaa411b9c066c_55",
				"organisationName": "",
				"subBuildingName": "Flat A First And Second Floor",
				"buildingName": "",
				"buildingNumber": "31",
				"thoroughfareName": "Hadyn Park Road",
				"dependentThoroughfareName": "",
				"doubleDependentLocality": "",
				"postTown": "London",
				"postCode": "W12 9AQ",
				"county": null,
				"country": null,
				"addressReference": null,
				"addressDataSource": null,
				"addressDataMatchType": null
			},
			{
				"addressId": "e7204ab1068f0104cc6eaa411b9c066c_56",
				"organisationName": "",
				"subBuildingName": "Flat Ground Floor",
				"buildingName": "",
				"buildingNumber": "31",
				"thoroughfareName": "Hadyn Park Road",
				"dependentThoroughfareName": "",
				"doubleDependentLocality": "",
				"postTown": "London",
				"postCode": "W12 9AQ",
				"county": null,
				"country": null,
				"addressReference": null,
				"addressDataSource": null,
				"addressDataMatchType": null
			},
			{
				"addressId": "e1792b6427c216c92a8bf0544939c79e_57",
				"organisationName": "",
				"subBuildingName": "",
				"buildingName": "",
				"buildingNumber": "33",
				"thoroughfareName": "Hadyn Park Road",
				"dependentThoroughfareName": "",
				"doubleDependentLocality": "",
				"postTown": "London",
				"postCode": "W12 9AQ",
				"county": null,
				"country": null,
				"addressReference": null,
				"addressDataSource": null,
				"addressDataMatchType": null
			},
			{
				"addressId": "e1792b6427c216c92a8bf0544939c79e_58",
				"organisationName": "",
				"subBuildingName": "Flat Ground Floor",
				"buildingName": "",
				"buildingNumber": "33",
				"thoroughfareName": "Hadyn Park Road",
				"dependentThoroughfareName": "",
				"doubleDependentLocality": "",
				"postTown": "London",
				"postCode": "W12 9AQ",
				"county": null,
				"country": null,
				"addressReference": null,
				"addressDataSource": null,
				"addressDataMatchType": null
			},
			{
				"addressId": "e1792b6427c216c92a8bf0544939c79e_59",
				"organisationName": "",
				"subBuildingName": "Maisonette First And Second Fl",
				"buildingName": "",
				"buildingNumber": "33",
				"thoroughfareName": "Hadyn Park Road",
				"dependentThoroughfareName": "",
				"doubleDependentLocality": "",
				"postTown": "London",
				"postCode": "W12 9AQ",
				"county": null,
				"country": null,
				"addressReference": null,
				"addressDataSource": null,
				"addressDataMatchType": null
			},
			{
				"addressId": "53662f896f3247db6f34b816d45b0f6d_60",
				"organisationName": "",
				"subBuildingName": "",
				"buildingName": "",
				"buildingNumber": "35",
				"thoroughfareName": "Hadyn Park Road",
				"dependentThoroughfareName": "",
				"doubleDependentLocality": "",
				"postTown": "London",
				"postCode": "W12 9AQ",
				"county": null,
				"country": null,
				"addressReference": null,
				"addressDataSource": null,
				"addressDataMatchType": null
			},
			{
				"addressId": "53662f896f3247db6f34b816d45b0f6d_61",
				"organisationName": "",
				"subBuildingName": "Flat A",
				"buildingName": "",
				"buildingNumber": "35",
				"thoroughfareName": "Hadyn Park Road",
				"dependentThoroughfareName": "",
				"doubleDependentLocality": "",
				"postTown": "London",
				"postCode": "W12 9AQ",
				"county": null,
				"country": null,
				"addressReference": null,
				"addressDataSource": null,
				"addressDataMatchType": null
			},
			{
				"addressId": "53662f896f3247db6f34b816d45b0f6d_62",
				"organisationName": "",
				"subBuildingName": "Flat B",
				"buildingName": "",
				"buildingNumber": "35",
				"thoroughfareName": "Hadyn Park Road",
				"dependentThoroughfareName": "",
				"doubleDependentLocality": "",
				"postTown": "London",
				"postCode": "W12 9AQ",
				"county": null,
				"country": null,
				"addressReference": null,
				"addressDataSource": null,
				"addressDataMatchType": null
			},
			{
				"addressId": "53662f896f3247db6f34b816d45b0f6d_63",
				"organisationName": "",
				"subBuildingName": "Flat C",
				"buildingName": "",
				"buildingNumber": "35",
				"thoroughfareName": "Hadyn Park Road",
				"dependentThoroughfareName": "",
				"doubleDependentLocality": "",
				"postTown": "London",
				"postCode": "W12 9AQ",
				"county": null,
				"country": null,
				"addressReference": null,
				"addressDataSource": null,
				"addressDataMatchType": null
			},
			{
				"addressId": "53662f896f3247db6f34b816d45b0f6d_64",
				"organisationName": "",
				"subBuildingName": "Flat D",
				"buildingName": "",
				"buildingNumber": "35",
				"thoroughfareName": "Hadyn Park Road",
				"dependentThoroughfareName": "",
				"doubleDependentLocality": "",
				"postTown": "London",
				"postCode": "W12 9AQ",
				"county": null,
				"country": null,
				"addressReference": null,
				"addressDataSource": null,
				"addressDataMatchType": null
			},
			{
				"addressId": "53662f896f3247db6f34b816d45b0f6d_65",
				"organisationName": "",
				"subBuildingName": "Flat E",
				"buildingName": "",
				"buildingNumber": "35",
				"thoroughfareName": "Hadyn Park Road",
				"dependentThoroughfareName": "",
				"doubleDependentLocality": "",
				"postTown": "London",
				"postCode": "W12 9AQ",
				"county": null,
				"country": null,
				"addressReference": null,
				"addressDataSource": null,
				"addressDataMatchType": null
			},
			{
				"addressId": "4ed37f7f3235b97b494a55937c35c174_66",
				"organisationName": "",
				"subBuildingName": "",
				"buildingName": "",
				"buildingNumber": "37",
				"thoroughfareName": "Hadyn Park Road",
				"dependentThoroughfareName": "",
				"doubleDependentLocality": "",
				"postTown": "London",
				"postCode": "W12 9AQ",
				"county": null,
				"country": null,
				"addressReference": null,
				"addressDataSource": null,
				"addressDataMatchType": null
			},
			{
				"addressId": "866b58e6c61fe4bd35773f56baa2e82c_67",
				"organisationName": "",
				"subBuildingName": "",
				"buildingName": "",
				"buildingNumber": "39",
				"thoroughfareName": "Hadyn Park Road",
				"dependentThoroughfareName": "",
				"doubleDependentLocality": "",
				"postTown": "London",
				"postCode": "W12 9AQ",
				"county": null,
				"country": null,
				"addressReference": null,
				"addressDataSource": null,
				"addressDataMatchType": null
			},
			{
				"addressId": "866b58e6c61fe4bd35773f56baa2e82c_68",
				"organisationName": "",
				"subBuildingName": "First Floor Back Room",
				"buildingName": "",
				"buildingNumber": "39",
				"thoroughfareName": "Hadyn Park Road",
				"dependentThoroughfareName": "",
				"doubleDependentLocality": "",
				"postTown": "London",
				"postCode": "W12 9AQ",
				"county": null,
				"country": null,
				"addressReference": null,
				"addressDataSource": null,
				"addressDataMatchType": null
			},
			{
				"addressId": "866b58e6c61fe4bd35773f56baa2e82c_69",
				"organisationName": "",
				"subBuildingName": "First Floor Back Room 7",
				"buildingName": "",
				"buildingNumber": "39",
				"thoroughfareName": "Hadyn Park Road",
				"dependentThoroughfareName": "",
				"doubleDependentLocality": "",
				"postTown": "London",
				"postCode": "W12 9AQ",
				"county": null,
				"country": null,
				"addressReference": null,
				"addressDataSource": null,
				"addressDataMatchType": null
			},
			{
				"addressId": "866b58e6c61fe4bd35773f56baa2e82c_70",
				"organisationName": "",
				"subBuildingName": "First Floor Front Room",
				"buildingName": "",
				"buildingNumber": "39",
				"thoroughfareName": "Hadyn Park Road",
				"dependentThoroughfareName": "",
				"doubleDependentLocality": "",
				"postTown": "London",
				"postCode": "W12 9AQ",
				"county": null,
				"country": null,
				"addressReference": null,
				"addressDataSource": null,
				"addressDataMatchType": null
			},
			{
				"addressId": "866b58e6c61fe4bd35773f56baa2e82c_71",
				"organisationName": "",
				"subBuildingName": "Ground Floor Back Room",
				"buildingName": "",
				"buildingNumber": "39",
				"thoroughfareName": "Hadyn Park Road",
				"dependentThoroughfareName": "",
				"doubleDependentLocality": "",
				"postTown": "London",
				"postCode": "W12 9AQ",
				"county": null,
				"country": null,
				"addressReference": null,
				"addressDataSource": null,
				"addressDataMatchType": null
			},
			{
				"addressId": "866b58e6c61fe4bd35773f56baa2e82c_72",
				"organisationName": "",
				"subBuildingName": "Ground Floor Back Room 3",
				"buildingName": "",
				"buildingNumber": "39",
				"thoroughfareName": "Hadyn Park Road",
				"dependentThoroughfareName": "",
				"doubleDependentLocality": "",
				"postTown": "London",
				"postCode": "W12 9AQ",
				"county": null,
				"country": null,
				"addressReference": null,
				"addressDataSource": null,
				"addressDataMatchType": null
			},
			{
				"addressId": "866b58e6c61fe4bd35773f56baa2e82c_73",
				"organisationName": "",
				"subBuildingName": "Ground Floor Front Room",
				"buildingName": "",
				"buildingNumber": "39",
				"thoroughfareName": "Hadyn Park Road",
				"dependentThoroughfareName": "",
				"doubleDependentLocality": "",
				"postTown": "London",
				"postCode": "W12 9AQ",
				"county": null,
				"country": null,
				"addressReference": null,
				"addressDataSource": null,
				"addressDataMatchType": null
			},
			{
				"addressId": "8d2093c3da48f15c85b4c2ca83f3cc3a_74",
				"organisationName": "",
				"subBuildingName": "",
				"buildingName": "",
				"buildingNumber": "41",
				"thoroughfareName": "Hadyn Park Road",
				"dependentThoroughfareName": "",
				"doubleDependentLocality": "",
				"postTown": "London",
				"postCode": "W12 9AQ",
				"county": null,
				"country": null,
				"addressReference": null,
				"addressDataSource": null,
				"addressDataMatchType": null
			},
			{
				"addressId": "8d2093c3da48f15c85b4c2ca83f3cc3a_75",
				"organisationName": "",
				"subBuildingName": "First Floor Front Room",
				"buildingName": "",
				"buildingNumber": "41",
				"thoroughfareName": "Hadyn Park Road",
				"dependentThoroughfareName": "",
				"doubleDependentLocality": "",
				"postTown": "London",
				"postCode": "W12 9AQ",
				"county": null,
				"country": null,
				"addressReference": null,
				"addressDataSource": null,
				"addressDataMatchType": null
			},
			{
				"addressId": "8d2093c3da48f15c85b4c2ca83f3cc3a_76",
				"organisationName": "",
				"subBuildingName": "First Floor Middle Room",
				"buildingName": "",
				"buildingNumber": "41",
				"thoroughfareName": "Hadyn Park Road",
				"dependentThoroughfareName": "",
				"doubleDependentLocality": "",
				"postTown": "London",
				"postCode": "W12 9AQ",
				"county": null,
				"country": null,
				"addressReference": null,
				"addressDataSource": null,
				"addressDataMatchType": null
			},
			{
				"addressId": "8d2093c3da48f15c85b4c2ca83f3cc3a_77",
				"organisationName": "",
				"subBuildingName": "First Floor Rear Room",
				"buildingName": "",
				"buildingNumber": "41",
				"thoroughfareName": "Hadyn Park Road",
				"dependentThoroughfareName": "",
				"doubleDependentLocality": "",
				"postTown": "London",
				"postCode": "W12 9AQ",
				"county": null,
				"country": null,
				"addressReference": null,
				"addressDataSource": null,
				"addressDataMatchType": null
			},
			{
				"addressId": "8d2093c3da48f15c85b4c2ca83f3cc3a_78",
				"organisationName": "",
				"subBuildingName": "Ground Floor Front Room",
				"buildingName": "",
				"buildingNumber": "41",
				"thoroughfareName": "Hadyn Park Road",
				"dependentThoroughfareName": "",
				"doubleDependentLocality": "",
				"postTown": "London",
				"postCode": "W12 9AQ",
				"county": null,
				"country": null,
				"addressReference": null,
				"addressDataSource": null,
				"addressDataMatchType": null
			},
			{
				"addressId": "8d2093c3da48f15c85b4c2ca83f3cc3a_79",
				"organisationName": "",
				"subBuildingName": "Ground Floor Middle Room",
				"buildingName": "",
				"buildingNumber": "41",
				"thoroughfareName": "Hadyn Park Road",
				"dependentThoroughfareName": "",
				"doubleDependentLocality": "",
				"postTown": "London",
				"postCode": "W12 9AQ",
				"county": null,
				"country": null,
				"addressReference": null,
				"addressDataSource": null,
				"addressDataMatchType": null
			},
			{
				"addressId": "8d2093c3da48f15c85b4c2ca83f3cc3a_80",
				"organisationName": "",
				"subBuildingName": "Ground Floor Rear Room",
				"buildingName": "",
				"buildingNumber": "41",
				"thoroughfareName": "Hadyn Park Road",
				"dependentThoroughfareName": "",
				"doubleDependentLocality": "",
				"postTown": "London",
				"postCode": "W12 9AQ",
				"county": null,
				"country": null,
				"addressReference": null,
				"addressDataSource": null,
				"addressDataMatchType": null
			},
			{
				"addressId": "8d2093c3da48f15c85b4c2ca83f3cc3a_81",
				"organisationName": "",
				"subBuildingName": "Top Floor Room",
				"buildingName": "",
				"buildingNumber": "41",
				"thoroughfareName": "Hadyn Park Road",
				"dependentThoroughfareName": "",
				"doubleDependentLocality": "",
				"postTown": "London",
				"postCode": "W12 9AQ",
				"county": null,
				"country": null,
				"addressReference": null,
				"addressDataSource": null,
				"addressDataMatchType": null
			},
			{
				"addressId": "89f5d848cda6d5a21f647d459d367cf1_82",
				"organisationName": "",
				"subBuildingName": "",
				"buildingName": "",
				"buildingNumber": "43",
				"thoroughfareName": "Hadyn Park Road",
				"dependentThoroughfareName": "",
				"doubleDependentLocality": "",
				"postTown": "London",
				"postCode": "W12 9AQ",
				"county": null,
				"country": null,
				"addressReference": null,
				"addressDataSource": null,
				"addressDataMatchType": null
			},
			{
				"addressId": "dcf205197af7db79763d1a136ad217ea_83",
				"organisationName": "",
				"subBuildingName": "",
				"buildingName": "Malvern Court",
				"buildingNumber": "59",
				"thoroughfareName": "Hadyn Park Road",
				"dependentThoroughfareName": "",
				"doubleDependentLocality": "",
				"postTown": "London",
				"postCode": "W12 9AQ",
				"county": null,
				"country": null,
				"addressReference": null,
				"addressDataSource": null,
				"addressDataMatchType": null
			},
			{
				"addressId": "dcf205197af7db79763d1a136ad217ea_84",
				"organisationName": "",
				"subBuildingName": "Flat 1",
				"buildingName": "Malvern Court",
				"buildingNumber": "59",
				"thoroughfareName": "Hadyn Park Road",
				"dependentThoroughfareName": "",
				"doubleDependentLocality": "",
				"postTown": "London",
				"postCode": "W12 9AQ",
				"county": null,
				"country": null,
				"addressReference": null,
				"addressDataSource": null,
				"addressDataMatchType": null
			},
			{
				"addressId": "dcf205197af7db79763d1a136ad217ea_85",
				"organisationName": "",
				"subBuildingName": "Flat 2",
				"buildingName": "Malvern Court",
				"buildingNumber": "59",
				"thoroughfareName": "Hadyn Park Road",
				"dependentThoroughfareName": "",
				"doubleDependentLocality": "",
				"postTown": "London",
				"postCode": "W12 9AQ",
				"county": null,
				"country": null,
				"addressReference": null,
				"addressDataSource": null,
				"addressDataMatchType": null
			},
			{
				"addressId": "dcf205197af7db79763d1a136ad217ea_86",
				"organisationName": "",
				"subBuildingName": "Flat 3",
				"buildingName": "Malvern Court",
				"buildingNumber": "59",
				"thoroughfareName": "Hadyn Park Road",
				"dependentThoroughfareName": "",
				"doubleDependentLocality": "",
				"postTown": "London",
				"postCode": "W12 9AQ",
				"county": null,
				"country": null,
				"addressReference": null,
				"addressDataSource": null,
				"addressDataMatchType": null
			},
			{
				"addressId": "dcf205197af7db79763d1a136ad217ea_87",
				"organisationName": "",
				"subBuildingName": "Flat 4",
				"buildingName": "Malvern Court",
				"buildingNumber": "59",
				"thoroughfareName": "Hadyn Park Road",
				"dependentThoroughfareName": "",
				"doubleDependentLocality": "",
				"postTown": "London",
				"postCode": "W12 9AQ",
				"county": null,
				"country": null,
				"addressReference": null,
				"addressDataSource": null,
				"addressDataMatchType": null
			},
			{
				"addressId": "dcf205197af7db79763d1a136ad217ea_88",
				"organisationName": "",
				"subBuildingName": "Flat 5",
				"buildingName": "Malvern Court",
				"buildingNumber": "59",
				"thoroughfareName": "Hadyn Park Road",
				"dependentThoroughfareName": "",
				"doubleDependentLocality": "",
				"postTown": "London",
				"postCode": "W12 9AQ",
				"county": null,
				"country": null,
				"addressReference": null,
				"addressDataSource": null,
				"addressDataMatchType": null
			},
			{
				"addressId": "dcf205197af7db79763d1a136ad217ea_89",
				"organisationName": "",
				"subBuildingName": "Flat 6",
				"buildingName": "Malvern Court",
				"buildingNumber": "59",
				"thoroughfareName": "Hadyn Park Road",
				"dependentThoroughfareName": "",
				"doubleDependentLocality": "",
				"postTown": "London",
				"postCode": "W12 9AQ",
				"county": null,
				"country": null,
				"addressReference": null,
				"addressDataSource": null,
				"addressDataMatchType": null
			},
			{
				"addressId": "dcf205197af7db79763d1a136ad217ea_90",
				"organisationName": "",
				"subBuildingName": "Flat 7",
				"buildingName": "Malvern Court",
				"buildingNumber": "59",
				"thoroughfareName": "Hadyn Park Road",
				"dependentThoroughfareName": "",
				"doubleDependentLocality": "",
				"postTown": "London",
				"postCode": "W12 9AQ",
				"county": null,
				"country": null,
				"addressReference": null,
				"addressDataSource": null,
				"addressDataMatchType": null
			},
			{
				"addressId": "dcf205197af7db79763d1a136ad217ea_91",
				"organisationName": "",
				"subBuildingName": "Flat 8",
				"buildingName": "Malvern Court",
				"buildingNumber": "59",
				"thoroughfareName": "Hadyn Park Road",
				"dependentThoroughfareName": "",
				"doubleDependentLocality": "",
				"postTown": "London",
				"postCode": "W12 9AQ",
				"county": null,
				"country": null,
				"addressReference": null,
				"addressDataSource": null,
				"addressDataMatchType": null
			},
			{
				"addressId": "dcf205197af7db79763d1a136ad217ea_92",
				"organisationName": "",
				"subBuildingName": "Flat 9",
				"buildingName": "Malvern Court",
				"buildingNumber": "59",
				"thoroughfareName": "Hadyn Park Road",
				"dependentThoroughfareName": "",
				"doubleDependentLocality": "",
				"postTown": "London",
				"postCode": "W12 9AQ",
				"county": null,
				"country": null,
				"addressReference": null,
				"addressDataSource": null,
				"addressDataMatchType": null
			},
			{
				"addressId": "dcf205197af7db79763d1a136ad217ea_93",
				"organisationName": "",
				"subBuildingName": "Flat 10",
				"buildingName": "Malvern Court",
				"buildingNumber": "59",
				"thoroughfareName": "Hadyn Park Road",
				"dependentThoroughfareName": "",
				"doubleDependentLocality": "",
				"postTown": "London",
				"postCode": "W12 9AQ",
				"county": null,
				"country": null,
				"addressReference": null,
				"addressDataSource": null,
				"addressDataMatchType": null
			},
			{
				"addressId": "dcf205197af7db79763d1a136ad217ea_94",
				"organisationName": "",
				"subBuildingName": "Flat 11",
				"buildingName": "Malvern Court",
				"buildingNumber": "59",
				"thoroughfareName": "Hadyn Park Road",
				"dependentThoroughfareName": "",
				"doubleDependentLocality": "",
				"postTown": "London",
				"postCode": "W12 9AQ",
				"county": null,
				"country": null,
				"addressReference": null,
				"addressDataSource": null,
				"addressDataMatchType": null
			},
			{
				"addressId": "dcf205197af7db79763d1a136ad217ea_95",
				"organisationName": "",
				"subBuildingName": "Flat 12",
				"buildingName": "Malvern Court",
				"buildingNumber": "59",
				"thoroughfareName": "Hadyn Park Road",
				"dependentThoroughfareName": "",
				"doubleDependentLocality": "",
				"postTown": "London",
				"postCode": "W12 9AQ",
				"county": null,
				"country": null,
				"addressReference": null,
				"addressDataSource": null,
				"addressDataMatchType": null
			},
			{
				"addressId": "dcf205197af7db79763d1a136ad217ea_96",
				"organisationName": "",
				"subBuildingName": "Flat 13",
				"buildingName": "Malvern Court",
				"buildingNumber": "59",
				"thoroughfareName": "Hadyn Park Road",
				"dependentThoroughfareName": "",
				"doubleDependentLocality": "",
				"postTown": "London",
				"postCode": "W12 9AQ",
				"county": null,
				"country": null,
				"addressReference": null,
				"addressDataSource": null,
				"addressDataMatchType": null
			},
			{
				"addressId": "dcf205197af7db79763d1a136ad217ea_97",
				"organisationName": "",
				"subBuildingName": "Flat 14",
				"buildingName": "Malvern Court",
				"buildingNumber": "59",
				"thoroughfareName": "Hadyn Park Road",
				"dependentThoroughfareName": "",
				"doubleDependentLocality": "",
				"postTown": "London",
				"postCode": "W12 9AQ",
				"county": null,
				"country": null,
				"addressReference": null,
				"addressDataSource": null,
				"addressDataMatchType": null
			},
			{
				"addressId": "dcf205197af7db79763d1a136ad217ea_98",
				"organisationName": "",
				"subBuildingName": "Flat 15",
				"buildingName": "Malvern Court",
				"buildingNumber": "59",
				"thoroughfareName": "Hadyn Park Road",
				"dependentThoroughfareName": "",
				"doubleDependentLocality": "",
				"postTown": "London",
				"postCode": "W12 9AQ",
				"county": null,
				"country": null,
				"addressReference": null,
				"addressDataSource": null,
				"addressDataMatchType": null
			},
			{
				"addressId": "dcf205197af7db79763d1a136ad217ea_99",
				"organisationName": "",
				"subBuildingName": "Flat 16",
				"buildingName": "Malvern Court",
				"buildingNumber": "59",
				"thoroughfareName": "Hadyn Park Road",
				"dependentThoroughfareName": "",
				"doubleDependentLocality": "",
				"postTown": "London",
				"postCode": "W12 9AQ",
				"county": null,
				"country": null,
				"addressReference": null,
				"addressDataSource": null,
				"addressDataMatchType": null
			},
			{
				"addressId": "dcf205197af7db79763d1a136ad217ea_100",
				"organisationName": "",
				"subBuildingName": "Flat 17",
				"buildingName": "Malvern Court",
				"buildingNumber": "59",
				"thoroughfareName": "Hadyn Park Road",
				"dependentThoroughfareName": "",
				"doubleDependentLocality": "",
				"postTown": "London",
				"postCode": "W12 9AQ",
				"county": null,
				"country": null,
				"addressReference": null,
				"addressDataSource": null,
				"addressDataMatchType": null
			},
			{
				"addressId": "dcf205197af7db79763d1a136ad217ea_101",
				"organisationName": "",
				"subBuildingName": "Flat 18",
				"buildingName": "Malvern Court",
				"buildingNumber": "59",
				"thoroughfareName": "Hadyn Park Road",
				"dependentThoroughfareName": "",
				"doubleDependentLocality": "",
				"postTown": "London",
				"postCode": "W12 9AQ",
				"county": null,
				"country": null,
				"addressReference": null,
				"addressDataSource": null,
				"addressDataMatchType": null
			},
			{
				"addressId": "dcf205197af7db79763d1a136ad217ea_102",
				"organisationName": "",
				"subBuildingName": "Flat 19",
				"buildingName": "Malvern Court",
				"buildingNumber": "59",
				"thoroughfareName": "Hadyn Park Road",
				"dependentThoroughfareName": "",
				"doubleDependentLocality": "",
				"postTown": "London",
				"postCode": "W12 9AQ",
				"county": null,
				"country": null,
				"addressReference": null,
				"addressDataSource": null,
				"addressDataMatchType": null
			},
			{
				"addressId": "dcf205197af7db79763d1a136ad217ea_103",
				"organisationName": "",
				"subBuildingName": "Flat 20",
				"buildingName": "Malvern Court",
				"buildingNumber": "59",
				"thoroughfareName": "Hadyn Park Road",
				"dependentThoroughfareName": "",
				"doubleDependentLocality": "",
				"postTown": "London",
				"postCode": "W12 9AQ",
				"county": null,
				"country": null,
				"addressReference": null,
				"addressDataSource": null,
				"addressDataMatchType": null
			},
			{
				"addressId": "dcf205197af7db79763d1a136ad217ea_104",
				"organisationName": "",
				"subBuildingName": "Flat 21",
				"buildingName": "Malvern Court",
				"buildingNumber": "59",
				"thoroughfareName": "Hadyn Park Road",
				"dependentThoroughfareName": "",
				"doubleDependentLocality": "",
				"postTown": "London",
				"postCode": "W12 9AQ",
				"county": null,
				"country": null,
				"addressReference": null,
				"addressDataSource": null,
				"addressDataMatchType": null
			},
			{
				"addressId": "dcf205197af7db79763d1a136ad217ea_105",
				"organisationName": "",
				"subBuildingName": "Flat 22",
				"buildingName": "Malvern Court",
				"buildingNumber": "59",
				"thoroughfareName": "Hadyn Park Road",
				"dependentThoroughfareName": "",
				"doubleDependentLocality": "",
				"postTown": "London",
				"postCode": "W12 9AQ",
				"county": null,
				"country": null,
				"addressReference": null,
				"addressDataSource": null,
				"addressDataMatchType": null
			},
			{
				"addressId": "dcf205197af7db79763d1a136ad217ea_106",
				"organisationName": "",
				"subBuildingName": "Flat 23",
				"buildingName": "Malvern Court",
				"buildingNumber": "59",
				"thoroughfareName": "Hadyn Park Road",
				"dependentThoroughfareName": "",
				"doubleDependentLocality": "",
				"postTown": "London",
				"postCode": "W12 9AQ",
				"county": null,
				"country": null,
				"addressReference": null,
				"addressDataSource": null,
				"addressDataMatchType": null
			},
			{
				"addressId": "dcf205197af7db79763d1a136ad217ea_107",
				"organisationName": "",
				"subBuildingName": "Flat 24",
				"buildingName": "Malvern Court",
				"buildingNumber": "59",
				"thoroughfareName": "Hadyn Park Road",
				"dependentThoroughfareName": "",
				"doubleDependentLocality": "",
				"postTown": "London",
				"postCode": "W12 9AQ",
				"county": null,
				"country": null,
				"addressReference": null,
				"addressDataSource": null,
				"addressDataMatchType": null
			},
			{
				"addressId": "dcf205197af7db79763d1a136ad217ea_108",
				"organisationName": "",
				"subBuildingName": "Flat 25",
				"buildingName": "Malvern Court",
				"buildingNumber": "59",
				"thoroughfareName": "Hadyn Park Road",
				"dependentThoroughfareName": "",
				"doubleDependentLocality": "",
				"postTown": "London",
				"postCode": "W12 9AQ",
				"county": null,
				"country": null,
				"addressReference": null,
				"addressDataSource": null,
				"addressDataMatchType": null
			},
			{
				"addressId": "dcf205197af7db79763d1a136ad217ea_109",
				"organisationName": "",
				"subBuildingName": "Flat 26",
				"buildingName": "Malvern Court",
				"buildingNumber": "59",
				"thoroughfareName": "Hadyn Park Road",
				"dependentThoroughfareName": "",
				"doubleDependentLocality": "",
				"postTown": "London",
				"postCode": "W12 9AQ",
				"county": null,
				"country": null,
				"addressReference": null,
				"addressDataSource": null,
				"addressDataMatchType": null
			},
			{
				"addressId": "dcf205197af7db79763d1a136ad217ea_110",
				"organisationName": "",
				"subBuildingName": "Flat 27",
				"buildingName": "Malvern Court",
				"buildingNumber": "59",
				"thoroughfareName": "Hadyn Park Road",
				"dependentThoroughfareName": "",
				"doubleDependentLocality": "",
				"postTown": "London",
				"postCode": "W12 9AQ",
				"county": null,
				"country": null,
				"addressReference": null,
				"addressDataSource": null,
				"addressDataMatchType": null
			},
			{
				"addressId": "dcf205197af7db79763d1a136ad217ea_111",
				"organisationName": "",
				"subBuildingName": "Flat 28",
				"buildingName": "Malvern Court",
				"buildingNumber": "59",
				"thoroughfareName": "Hadyn Park Road",
				"dependentThoroughfareName": "",
				"doubleDependentLocality": "",
				"postTown": "London",
				"postCode": "W12 9AQ",
				"county": null,
				"country": null,
				"addressReference": null,
				"addressDataSource": null,
				"addressDataMatchType": null
			},
			{
				"addressId": "dcf205197af7db79763d1a136ad217ea_112",
				"organisationName": "",
				"subBuildingName": "Flat 29",
				"buildingName": "Malvern Court",
				"buildingNumber": "59",
				"thoroughfareName": "Hadyn Park Road",
				"dependentThoroughfareName": "",
				"doubleDependentLocality": "",
				"postTown": "London",
				"postCode": "W12 9AQ",
				"county": null,
				"country": null,
				"addressReference": null,
				"addressDataSource": null,
				"addressDataMatchType": null
			},
			{
				"addressId": "dcf205197af7db79763d1a136ad217ea_113",
				"organisationName": "",
				"subBuildingName": "Flat 30",
				"buildingName": "Malvern Court",
				"buildingNumber": "59",
				"thoroughfareName": "Hadyn Park Road",
				"dependentThoroughfareName": "",
				"doubleDependentLocality": "",
				"postTown": "London",
				"postCode": "W12 9AQ",
				"county": null,
				"country": null,
				"addressReference": null,
				"addressDataSource": null,
				"addressDataMatchType": null
			},
			{
				"addressId": "dcf205197af7db79763d1a136ad217ea_114",
				"organisationName": "",
				"subBuildingName": "Flat 31",
				"buildingName": "Malvern Court",
				"buildingNumber": "59",
				"thoroughfareName": "Hadyn Park Road",
				"dependentThoroughfareName": "",
				"doubleDependentLocality": "",
				"postTown": "London",
				"postCode": "W12 9AQ",
				"county": null,
				"country": null,
				"addressReference": null,
				"addressDataSource": null,
				"addressDataMatchType": null
			},
			{
				"addressId": "dcf205197af7db79763d1a136ad217ea_115",
				"organisationName": "",
				"subBuildingName": "Flat 32",
				"buildingName": "Malvern Court",
				"buildingNumber": "59",
				"thoroughfareName": "Hadyn Park Road",
				"dependentThoroughfareName": "",
				"doubleDependentLocality": "",
				"postTown": "London",
				"postCode": "W12 9AQ",
				"county": null,
				"country": null,
				"addressReference": null,
				"addressDataSource": null,
				"addressDataMatchType": null
			},
			{
				"addressId": "dcf205197af7db79763d1a136ad217ea_116",
				"organisationName": "",
				"subBuildingName": "Flat 33",
				"buildingName": "Malvern Court",
				"buildingNumber": "59",
				"thoroughfareName": "Hadyn Park Road",
				"dependentThoroughfareName": "",
				"doubleDependentLocality": "",
				"postTown": "London",
				"postCode": "W12 9AQ",
				"county": null,
				"country": null,
				"addressReference": null,
				"addressDataSource": null,
				"addressDataMatchType": null
			},
			{
				"addressId": "dcf205197af7db79763d1a136ad217ea_117",
				"organisationName": "",
				"subBuildingName": "Flat 34",
				"buildingName": "Malvern Court",
				"buildingNumber": "59",
				"thoroughfareName": "Hadyn Park Road",
				"dependentThoroughfareName": "",
				"doubleDependentLocality": "",
				"postTown": "London",
				"postCode": "W12 9AQ",
				"county": null,
				"country": null,
				"addressReference": null,
				"addressDataSource": null,
				"addressDataMatchType": null
			},
			{
				"addressId": "dcf205197af7db79763d1a136ad217ea_118",
				"organisationName": "",
				"subBuildingName": "Flat 35",
				"buildingName": "Malvern Court",
				"buildingNumber": "59",
				"thoroughfareName": "Hadyn Park Road",
				"dependentThoroughfareName": "",
				"doubleDependentLocality": "",
				"postTown": "London",
				"postCode": "W12 9AQ",
				"county": null,
				"country": null,
				"addressReference": null,
				"addressDataSource": null,
				"addressDataMatchType": null
			},
			{
				"addressId": "dcf205197af7db79763d1a136ad217ea_119",
				"organisationName": "",
				"subBuildingName": "Flat 36",
				"buildingName": "Malvern Court",
				"buildingNumber": "59",
				"thoroughfareName": "Hadyn Park Road",
				"dependentThoroughfareName": "",
				"doubleDependentLocality": "",
				"postTown": "London",
				"postCode": "W12 9AQ",
				"county": null,
				"country": null,
				"addressReference": null,
				"addressDataSource": null,
				"addressDataMatchType": null
			},
			{
				"addressId": "dcf205197af7db79763d1a136ad217ea_120",
				"organisationName": "",
				"subBuildingName": "Flat 37",
				"buildingName": "Malvern Court",
				"buildingNumber": "59",
				"thoroughfareName": "Hadyn Park Road",
				"dependentThoroughfareName": "",
				"doubleDependentLocality": "",
				"postTown": "London",
				"postCode": "W12 9AQ",
				"county": null,
				"country": null,
				"addressReference": null,
				"addressDataSource": null,
				"addressDataMatchType": null
			},
			{
				"addressId": "dcf205197af7db79763d1a136ad217ea_121",
				"organisationName": "",
				"subBuildingName": "Flat 38",
				"buildingName": "Malvern Court",
				"buildingNumber": "59",
				"thoroughfareName": "Hadyn Park Road",
				"dependentThoroughfareName": "",
				"doubleDependentLocality": "",
				"postTown": "London",
				"postCode": "W12 9AQ",
				"county": null,
				"country": null,
				"addressReference": null,
				"addressDataSource": null,
				"addressDataMatchType": null
			},
			{
				"addressId": "dcf205197af7db79763d1a136ad217ea_122",
				"organisationName": "",
				"subBuildingName": "Flat 39",
				"buildingName": "Malvern Court",
				"buildingNumber": "59",
				"thoroughfareName": "Hadyn Park Road",
				"dependentThoroughfareName": "",
				"doubleDependentLocality": "",
				"postTown": "London",
				"postCode": "W12 9AQ",
				"county": null,
				"country": null,
				"addressReference": null,
				"addressDataSource": null,
				"addressDataMatchType": null
			},
			{
				"addressId": "dcf205197af7db79763d1a136ad217ea_123",
				"organisationName": "",
				"subBuildingName": "Flat 40",
				"buildingName": "Malvern Court",
				"buildingNumber": "59",
				"thoroughfareName": "Hadyn Park Road",
				"dependentThoroughfareName": "",
				"doubleDependentLocality": "",
				"postTown": "London",
				"postCode": "W12 9AQ",
				"county": null,
				"country": null,
				"addressReference": null,
				"addressDataSource": null,
				"addressDataMatchType": null
			},
			{
				"addressId": "dcf205197af7db79763d1a136ad217ea_124",
				"organisationName": "",
				"subBuildingName": "Flat 41",
				"buildingName": "Malvern Court",
				"buildingNumber": "59",
				"thoroughfareName": "Hadyn Park Road",
				"dependentThoroughfareName": "",
				"doubleDependentLocality": "",
				"postTown": "London",
				"postCode": "W12 9AQ",
				"county": null,
				"country": null,
				"addressReference": null,
				"addressDataSource": null,
				"addressDataMatchType": null
			},
			{
				"addressId": "dcf205197af7db79763d1a136ad217ea_125",
				"organisationName": "",
				"subBuildingName": "Flat 42",
				"buildingName": "Malvern Court",
				"buildingNumber": "59",
				"thoroughfareName": "Hadyn Park Road",
				"dependentThoroughfareName": "",
				"doubleDependentLocality": "",
				"postTown": "London",
				"postCode": "W12 9AQ",
				"county": null,
				"country": null,
				"addressReference": null,
				"addressDataSource": null,
				"addressDataMatchType": null
			},
			{
				"addressId": "dcf205197af7db79763d1a136ad217ea_126",
				"organisationName": "",
				"subBuildingName": "Flat 43",
				"buildingName": "Malvern Court",
				"buildingNumber": "59",
				"thoroughfareName": "Hadyn Park Road",
				"dependentThoroughfareName": "",
				"doubleDependentLocality": "",
				"postTown": "London",
				"postCode": "W12 9AQ",
				"county": null,
				"country": null,
				"addressReference": null,
				"addressDataSource": null,
				"addressDataMatchType": null
			},
			{
				"addressId": "dcf205197af7db79763d1a136ad217ea_127",
				"organisationName": "",
				"subBuildingName": "Flat 44",
				"buildingName": "Malvern Court",
				"buildingNumber": "59",
				"thoroughfareName": "Hadyn Park Road",
				"dependentThoroughfareName": "",
				"doubleDependentLocality": "",
				"postTown": "London",
				"postCode": "W12 9AQ",
				"county": null,
				"country": null,
				"addressReference": null,
				"addressDataSource": null,
				"addressDataMatchType": null
			},
			{
				"addressId": "dcf205197af7db79763d1a136ad217ea_128",
				"organisationName": "",
				"subBuildingName": "Flat 45",
				"buildingName": "Malvern Court",
				"buildingNumber": "59",
				"thoroughfareName": "Hadyn Park Road",
				"dependentThoroughfareName": "",
				"doubleDependentLocality": "",
				"postTown": "London",
				"postCode": "W12 9AQ",
				"county": null,
				"country": null,
				"addressReference": null,
				"addressDataSource": null,
				"addressDataMatchType": null
			},
			{
				"addressId": "dcf205197af7db79763d1a136ad217ea_129",
				"organisationName": "",
				"subBuildingName": "Flat 46",
				"buildingName": "Malvern Court",
				"buildingNumber": "59",
				"thoroughfareName": "Hadyn Park Road",
				"dependentThoroughfareName": "",
				"doubleDependentLocality": "",
				"postTown": "London",
				"postCode": "W12 9AQ",
				"county": null,
				"country": null,
				"addressReference": null,
				"addressDataSource": null,
				"addressDataMatchType": null
			},
			{
				"addressId": "dcf205197af7db79763d1a136ad217ea_130",
				"organisationName": "",
				"subBuildingName": "Wardens Flat",
				"buildingName": "Malvern Court",
				"buildingNumber": "59",
				"thoroughfareName": "Hadyn Park Road",
				"dependentThoroughfareName": "",
				"doubleDependentLocality": "",
				"postTown": "London",
				"postCode": "W12 9AQ",
				"county": null,
				"country": null,
				"addressReference": null,
				"addressDataSource": null,
				"addressDataMatchType": null
			},
			{
				"addressId": "ac35a3b3ec4e67e21e7827ad7e22ab6e_131",
				"organisationName": "",
				"subBuildingName": "",
				"buildingName": "",
				"buildingNumber": "61",
				"thoroughfareName": "Hadyn Park Road",
				"dependentThoroughfareName": "",
				"doubleDependentLocality": "",
				"postTown": "London",
				"postCode": "W12 9AQ",
				"county": null,
				"country": null,
				"addressReference": null,
				"addressDataSource": null,
				"addressDataMatchType": null
			},
			{
				"addressId": "ac35a3b3ec4e67e21e7827ad7e22ab6e_132",
				"organisationName": "",
				"subBuildingName": "Flat 1",
				"buildingName": "",
				"buildingNumber": "61",
				"thoroughfareName": "Hadyn Park Road",
				"dependentThoroughfareName": "",
				"doubleDependentLocality": "",
				"postTown": "London",
				"postCode": "W12 9AQ",
				"county": null,
				"country": null,
				"addressReference": null,
				"addressDataSource": null,
				"addressDataMatchType": null
			},
			{
				"addressId": "ac35a3b3ec4e67e21e7827ad7e22ab6e_133",
				"organisationName": "",
				"subBuildingName": "Flat 2",
				"buildingName": "",
				"buildingNumber": "61",
				"thoroughfareName": "Hadyn Park Road",
				"dependentThoroughfareName": "",
				"doubleDependentLocality": "",
				"postTown": "London",
				"postCode": "W12 9AQ",
				"county": null,
				"country": null,
				"addressReference": null,
				"addressDataSource": null,
				"addressDataMatchType": null
			},
			{
				"addressId": "ac35a3b3ec4e67e21e7827ad7e22ab6e_134",
				"organisationName": "",
				"subBuildingName": "Flat 3",
				"buildingName": "",
				"buildingNumber": "61",
				"thoroughfareName": "Hadyn Park Road",
				"dependentThoroughfareName": "",
				"doubleDependentLocality": "",
				"postTown": "London",
				"postCode": "W12 9AQ",
				"county": null,
				"country": null,
				"addressReference": null,
				"addressDataSource": null,
				"addressDataMatchType": null
			},
			{
				"addressId": "ac35a3b3ec4e67e21e7827ad7e22ab6e_135",
				"organisationName": "",
				"subBuildingName": "Flat 4",
				"buildingName": "",
				"buildingNumber": "61",
				"thoroughfareName": "Hadyn Park Road",
				"dependentThoroughfareName": "",
				"doubleDependentLocality": "",
				"postTown": "London",
				"postCode": "W12 9AQ",
				"county": null,
				"country": null,
				"addressReference": null,
				"addressDataSource": null,
				"addressDataMatchType": null
			},
			{
				"addressId": "307e59ee1c0e4ab596b134db8b172346_136",
				"organisationName": "",
				"subBuildingName": "",
				"buildingName": "61a",
				"buildingNumber": "",
				"thoroughfareName": "Hadyn Park Road",
				"dependentThoroughfareName": "",
				"doubleDependentLocality": "",
				"postTown": "London",
				"postCode": "W12 9AQ",
				"county": null,
				"country": null,
				"addressReference": null,
				"addressDataSource": null,
				"addressDataMatchType": null
			},
			{
				"addressId": "307e59ee1c0e4ab596b134db8b172346_137",
				"organisationName": "",
				"subBuildingName": "Flat 1",
				"buildingName": "61a",
				"buildingNumber": "",
				"thoroughfareName": "Hadyn Park Road",
				"dependentThoroughfareName": "",
				"doubleDependentLocality": "",
				"postTown": "London",
				"postCode": "W12 9AQ",
				"county": null,
				"country": null,
				"addressReference": null,
				"addressDataSource": null,
				"addressDataMatchType": null
			},
			{
				"addressId": "307e59ee1c0e4ab596b134db8b172346_138",
				"organisationName": "",
				"subBuildingName": "Flat 2",
				"buildingName": "61a",
				"buildingNumber": "",
				"thoroughfareName": "Hadyn Park Road",
				"dependentThoroughfareName": "",
				"doubleDependentLocality": "",
				"postTown": "London",
				"postCode": "W12 9AQ",
				"county": null,
				"country": null,
				"addressReference": null,
				"addressDataSource": null,
				"addressDataMatchType": null
			},
			{
				"addressId": "307e59ee1c0e4ab596b134db8b172346_139",
				"organisationName": "",
				"subBuildingName": "Flat 3",
				"buildingName": "61a",
				"buildingNumber": "",
				"thoroughfareName": "Hadyn Park Road",
				"dependentThoroughfareName": "",
				"doubleDependentLocality": "",
				"postTown": "London",
				"postCode": "W12 9AQ",
				"county": null,
				"country": null,
				"addressReference": null,
				"addressDataSource": null,
				"addressDataMatchType": null
			},
			{
				"addressId": "307e59ee1c0e4ab596b134db8b172346_140",
				"organisationName": "",
				"subBuildingName": "Flat 4",
				"buildingName": "61a",
				"buildingNumber": "",
				"thoroughfareName": "Hadyn Park Road",
				"dependentThoroughfareName": "",
				"doubleDependentLocality": "",
				"postTown": "London",
				"postCode": "W12 9AQ",
				"county": null,
				"country": null,
				"addressReference": null,
				"addressDataSource": null,
				"addressDataMatchType": null
			}
		],
		"numberPortingOrder": false,
		"currentProviders": null
	}
}
