{
	"status": 1,
	"message": [
		"success"
	],
	"messageCode": [
		"success"
	],
	"data": {
		"addressList": [
			{
				"addressId": "8dc11da3023aecc9f7a5c31463669dfd_0",
				"organisationName": "",
				"subBuildingName": "",
				"buildingName": "",
				"buildingNumber": "2",
				"thoroughfareName": "Gorse Avenue",
				"dependentThoroughfareName": "",
				"doubleDependentLocality": "",
				"postTown": "Thornton-cleveleys",
				"postCode": "FY5 2PJ",
				"county": null,
				"country": null,
				"addressReference": null,
				"addressDataSource": null,
				"addressDataMatchType": null
			},
			{
				"addressId": "7dc3eab3978435e2c6ac22ee9b33492a_1",
				"organisationName": "",
				"subBuildingName": "",
				"buildingName": "",
				"buildingNumber": "4",
				"thoroughfareName": "Gorse Avenue",
				"dependentThoroughfareName": "",
				"doubleDependentLocality": "",
				"postTown": "Thornton-cleveleys",
				"postCode": "FY5 2PJ",
				"county": null,
				"country": null,
				"addressReference": null,
				"addressDataSource": null,
				"addressDataMatchType": null
			},
			{
				"addressId": "472416d468b014ebde37125111feb15a_2",
				"organisationName": "",
				"subBuildingName": "",
				"buildingName": "",
				"buildingNumber": "6",
				"thoroughfareName": "Gorse Avenue",
				"dependentThoroughfareName": "",
				"doubleDependentLocality": "",
				"postTown": "Thornton-cleveleys",
				"postCode": "FY5 2PJ",
				"county": null,
				"country": null,
				"addressReference": null,
				"addressDataSource": null,
				"addressDataMatchType": null
			},
			{
				"addressId": "ef92fb513972b2730ba49fb70331bdaf_3",
				"organisationName": "",
				"subBuildingName": "",
				"buildingName": "",
				"buildingNumber": "8",
				"thoroughfareName": "Gorse Avenue",
				"dependentThoroughfareName": "",
				"doubleDependentLocality": "",
				"postTown": "Thornton-cleveleys",
				"postCode": "FY5 2PJ",
				"county": null,
				"country": null,
				"addressReference": null,
				"addressDataSource": null,
				"addressDataMatchType": null
			},
			{
				"addressId": "c55681fa9b91932957cf824aee153112_4",
				"organisationName": "",
				"subBuildingName": "",
				"buildingName": "",
				"buildingNumber": "10",
				"thoroughfareName": "Gorse Avenue",
				"dependentThoroughfareName": "",
				"doubleDependentLocality": "",
				"postTown": "Thornton-cleveleys",
				"postCode": "FY5 2PJ",
				"county": null,
				"country": null,
				"addressReference": null,
				"addressDataSource": null,
				"addressDataMatchType": null
			},
			{
				"addressId": "da305cde70be2a3fd6b5409a1229a6d0_5",
				"organisationName": "",
				"subBuildingName": "",
				"buildingName": "",
				"buildingNumber": "12",
				"thoroughfareName": "Gorse Avenue",
				"dependentThoroughfareName": "",
				"doubleDependentLocality": "",
				"postTown": "Thornton-cleveleys",
				"postCode": "FY5 2PJ",
				"county": null,
				"country": null,
				"addressReference": null,
				"addressDataSource": null,
				"addressDataMatchType": null
			},
			{
				"addressId": "79679169346b39171cf986ef046cb118_6",
				"organisationName": "",
				"subBuildingName": "",
				"buildingName": "",
				"buildingNumber": "14",
				"thoroughfareName": "Gorse Avenue",
				"dependentThoroughfareName": "",
				"doubleDependentLocality": "",
				"postTown": "Thornton-cleveleys",
				"postCode": "FY5 2PJ",
				"county": null,
				"country": null,
				"addressReference": null,
				"addressDataSource": null,
				"addressDataMatchType": null
			},
			{
				"addressId": "4246eccfb817c13e8eb62ab140a71425_7",
				"organisationName": "",
				"subBuildingName": "",
				"buildingName": "",
				"buildingNumber": "16",
				"thoroughfareName": "Gorse Avenue",
				"dependentThoroughfareName": "",
				"doubleDependentLocality": "",
				"postTown": "Thornton-cleveleys",
				"postCode": "FY5 2PJ",
				"county": null,
				"country": null,
				"addressReference": null,
				"addressDataSource": null,
				"addressDataMatchType": null
			},
			{
				"addressId": "e99e6ba814bd39a5038bdfea494e2c59_8",
				"organisationName": "",
				"subBuildingName": "",
				"buildingName": "",
				"buildingNumber": "18",
				"thoroughfareName": "Gorse Avenue",
				"dependentThoroughfareName": "",
				"doubleDependentLocality": "",
				"postTown": "Thornton-cleveleys",
				"postCode": "FY5 2PJ",
				"county": null,
				"country": null,
				"addressReference": null,
				"addressDataSource": null,
				"addressDataMatchType": null
			},
			{
				"addressId": "2f380648bda548146eda640d9f4150f5_9",
				"organisationName": "",
				"subBuildingName": "",
				"buildingName": "",
				"buildingNumber": "20",
				"thoroughfareName": "Gorse Avenue",
				"dependentThoroughfareName": "",
				"doubleDependentLocality": "",
				"postTown": "Thornton-cleveleys",
				"postCode": "FY5 2PJ",
				"county": null,
				"country": null,
				"addressReference": null,
				"addressDataSource": null,
				"addressDataMatchType": null
			},
			{
				"addressId": "27fafe41c037568357569f7c64aeba47_10",
				"organisationName": "",
				"subBuildingName": "",
				"buildingName": "",
				"buildingNumber": "22",
				"thoroughfareName": "Gorse Avenue",
				"dependentThoroughfareName": "",
				"doubleDependentLocality": "",
				"postTown": "Thornton-cleveleys",
				"postCode": "FY5 2PJ",
				"county": null,
				"country": null,
				"addressReference": null,
				"addressDataSource": null,
				"addressDataMatchType": null
			},
			{
				"addressId": "66463e203201537abf6fc06e6099ea52_11",
				"organisationName": "",
				"subBuildingName": "",
				"buildingName": "",
				"buildingNumber": "24",
				"thoroughfareName": "Gorse Avenue",
				"dependentThoroughfareName": "",
				"doubleDependentLocality": "",
				"postTown": "Thornton-cleveleys",
				"postCode": "FY5 2PJ",
				"county": null,
				"country": null,
				"addressReference": null,
				"addressDataSource": null,
				"addressDataMatchType": null
			},
			{
				"addressId": "65b5392708dd2a97bd9db43c4d168b43_12",
				"organisationName": "",
				"subBuildingName": "",
				"buildingName": "",
				"buildingNumber": "26",
				"thoroughfareName": "Gorse Avenue",
				"dependentThoroughfareName": "",
				"doubleDependentLocality": "",
				"postTown": "Thornton-cleveleys",
				"postCode": "FY5 2PJ",
				"county": null,
				"country": null,
				"addressReference": null,
				"addressDataSource": null,
				"addressDataMatchType": null
			}
		],
		"numberPortingOrder": false,
		"currentProviders": null
	}
}
